time,Rfoot,Lfoot,Rshank,Lshank,Rthigh,Lthigh,trunk,hipx, 
0.0083,0.8458,2.4172,75.9233,99.7030,96.2569,80.7223,77.9116,-0.9651,
0.0167,0.7312,2.4470,75.7895,99.6917,96.3452,80.6776,78.0018,-0.9645,
0.0250,0.6269,2.4734,75.6501,99.6841,96.4372,80.6298,78.0936,-0.9639,
0.0333,0.5357,2.4955,75.5027,99.6822,96.5317,80.5782,78.1874,-0.9633,
0.0417,0.4522,2.5142,75.3461,99.6865,96.6247,80.5220,78.2847,-0.9628,
0.0500,0.3660,2.5307,75.1815,99.6972,96.7119,80.4607,78.3874,-0.9622,
0.0583,0.2674,2.5457,75.0117,99.7140,96.7904,80.3939,78.4966,-0.9616,
0.0667,0.1522,2.5599,74.8399,99.7365,96.8587,80.3218,78.6136,-0.9611,
0.0750,0.0213,2.5739,74.6685,99.7632,96.9167,80.2446,78.7391,-0.9605,
0.0833,-0.1205,2.5882,74.4986,99.7920,96.9652,80.1638,78.8742,-0.9598,
0.0917,-0.2674,2.6028,74.3313,99.8200,97.0053,80.0812,79.0195,-0.9592,
0.1000,-0.4126,2.6178,74.1680,99.8439,97.0372,79.9992,79.1759,-0.9585,
0.1083,-0.5495,2.6330,74.0091,99.8611,97.0612,79.9195,79.3438,-0.9578,
0.1167,-0.6720,2.6482,73.8537,99.8698,97.0777,79.8432,79.5236,-0.9570,
0.1250,-0.7746,2.6624,73.7004,99.8686,97.0872,79.7712,79.7155,-0.9562,
0.1333,-0.8523,2.6746,73.5482,99.8574,97.0895,79.7034,79.9198,-0.9554,
0.1417,-0.9010,2.6838,73.3982,99.8363,97.0825,79.6393,80.1366,-0.9545,
0.1500,-0.9175,2.6893,73.2536,99.8063,97.0635,79.5780,80.3663,-0.9536,
0.1583,-0.9003,2.6910,73.1180,99.7687,97.0301,79.5180,80.6089,-0.9526,
0.1667,-0.8503,2.6891,72.9943,99.7240,96.9810,79.4585,80.8644,-0.9516,
0.1750,-0.7717,2.6846,72.8839,99.6727,96.9166,79.3987,81.1330,-0.9506,
0.1833,-0.6715,2.6782,72.7869,99.6147,96.8386,79.3384,81.4142,-0.9495,
0.1917,-0.5595,2.6705,72.7022,99.5493,96.7495,79.2778,81.7078,-0.9484,
0.2000,-0.4476,2.6618,72.6291,99.4761,96.6513,79.2176,82.0131,-0.9473,
0.2083,-0.3489,2.6521,72.5680,99.3941,96.5453,79.1588,82.3290,-0.9461,
0.2167,-0.2757,2.6413,72.5205,99.3029,96.4315,79.1024,82.6544,-0.9449,
0.2250,-0.2354,2.6295,72.4883,99.2022,96.3094,79.0492,82.9876,-0.9437,
0.2333,-0.2276,2.6161,72.4722,99.0926,96.1785,78.9998,83.3270,-0.9425,
0.2417,-0.2459,2.6003,72.4703,98.9748,96.0392,78.9544,83.6711,-0.9412,
0.2500,-0.2829,2.5811,72.4788,98.8495,95.8932,78.9131,84.0182,-0.9399,
0.2583,-0.3329,2.5581,72.4932,98.7176,95.7425,78.8761,84.3674,-0.9386,
0.2667,-0.3923,2.5306,72.5104,98.5800,95.5885,78.8432,84.7178,-0.9373,
0.2750,-0.4588,2.4987,72.5293,98.4379,95.4316,78.8143,85.0683,-0.9360,
0.2833,-0.5300,2.4626,72.5497,98.2923,95.2718,78.7892,85.4184,-0.9347,
0.2917,-0.6029,2.4231,72.5728,98.1441,95.1084,78.7677,85.7671,-0.9334,
0.3000,-0.6744,2.3808,72.6000,97.9945,94.9408,78.7490,86.1133,-0.9320,
0.3083,-0.7412,2.3357,72.6328,97.8443,94.7687,78.7321,86.4560,-0.9307,
0.3167,-0.8001,2.2877,72.6716,97.6949,94.5924,78.7162,86.7936,-0.9294,
0.3250,-0.8486,2.2367,72.7159,97.5471,94.4129,78.7004,87.1243,-0.9281,
0.3333,-0.8851,2.1834,72.7647,97.4018,94.2323,78.6841,87.4461,-0.9268,
0.3417,-0.9087,2.1286,72.8170,97.2600,94.0526,78.6667,87.7569,-0.9255,
0.3500,-0.9195,2.0733,72.8724,97.1227,93.8758,78.6479,88.0545,-0.9243,
0.3583,-0.9186,2.0189,72.9309,96.9908,93.7040,78.6272,88.3375,-0.9231,
0.3667,-0.9072,1.9662,72.9916,96.8651,93.5391,78.6045,88.6046,-0.9220,
0.3750,-0.8870,1.9157,73.0532,96.7468,93.3834,78.5794,88.8555,-0.9209,
0.3833,-0.8601,1.8673,73.1135,96.6374,93.2386,78.5512,89.0902,-0.9200,
0.3917,-0.8284,1.8206,73.1701,96.5381,93.1056,78.5191,89.3098,-0.9191,
0.4000,-0.7940,1.7758,73.2209,96.4494,92.9839,78.4826,89.5160,-0.9182,
0.4083,-0.7595,1.7334,73.2638,96.3712,92.8720,78.4414,89.7115,-0.9174,
0.4167,-0.7274,1.6945,73.2972,96.3028,92.7672,78.3952,89.8994,-0.9166,
0.4250,-0.7007,1.6594,73.3194,96.2443,92.6670,78.3431,90.0830,-0.9158,
0.4333,-0.6824,1.6283,73.3279,96.1963,92.5699,78.2836,90.2654,-0.9149,
0.4417,-0.6760,1.6007,73.3195,96.1595,92.4763,78.2154,90.4486,-0.9141,
0.4500,-0.6848,1.5763,73.2915,96.1347,92.3894,78.1377,90.6329,-0.9131,
0.4583,-0.7117,1.5551,73.2416,96.1223,92.3162,78.0509,90.8154,-0.9122,
0.4667,-0.7588,1.5376,73.1681,96.1221,92.2676,77.9568,90.9904,-0.9113,
0.4750,-0.8269,1.5243,73.0696,96.1340,92.2560,77.8580,91.1506,-0.9104,
0.4833,-0.9154,1.5157,72.9450,96.1573,92.2913,77.7568,91.2901,-0.9097,
0.4917,-1.0221,1.5122,72.7940,96.1910,92.3779,77.6548,91.4057,-0.9092,
0.5000,-1.1447,1.5137,72.6173,96.2336,92.5154,77.5537,91.4972,-0.9088,
0.5083,-1.2814,1.5197,72.4176,96.2838,92.7000,77.4546,91.5652,-0.9085,
0.5167,-1.4319,1.5296,72.1990,96.3398,92.9261,77.3591,91.6110,-0.9084,
0.5250,-1.5971,1.5426,71.9662,96.3998,93.1872,77.2684,91.6361,-0.9083,
0.5333,-1.7777,1.5584,71.7239,96.4621,93.4755,77.1837,91.6428,-0.9084,
0.5417,-1.9720,1.5765,71.4770,96.5242,93.7825,77.1067,91.6335,-0.9085,
0.5500,-2.1743,1.5961,71.2313,96.5838,94.0992,77.0395,91.6100,-0.9087,
0.5583,-2.3755,1.6165,70.9939,96.6388,94.4163,76.9840,91.5739,-0.9090,
0.5667,-2.5642,1.6368,70.7725,96.6877,94.7227,76.9414,91.5270,-0.9093,
0.5750,-2.7284,1.6555,70.5750,96.7296,95.0060,76.9119,91.4724,-0.9097,
0.5833,-2.8562,1.6710,70.4087,96.7642,95.2525,76.8944,91.4140,-0.9100,
0.5917,-2.9371,1.6821,70.2795,96.7916,95.4502,76.8871,91.3557,-0.9104,
0.6000,-2.9623,1.6881,70.1917,96.8125,95.5911,76.8886,91.2995,-0.9107,
0.6083,-2.9260,1.6887,70.1476,96.8274,95.6729,76.8983,91.2455,-0.9109,
0.6167,-2.8272,1.6844,70.1474,96.8366,95.6982,76.9163,91.1920,-0.9112,
0.6250,-2.6711,1.6757,70.1892,96.8401,95.6734,76.9432,91.1367,-0.9114,
0.6333,-2.4691,1.6631,70.2684,96.8376,95.6071,76.9807,91.0765,-0.9116,
0.6417,-2.2376,1.6468,70.3790,96.8282,95.5097,77.0301,91.0086,-0.9118,
0.6500,-1.9940,1.6273,70.5135,96.8113,95.3924,77.0931,90.9303,-0.9121,
0.6583,-1.7540,1.6049,70.6646,96.7863,95.2657,77.1705,90.8394,-0.9124,
0.6667,-1.5292,1.5797,70.8262,96.7527,95.1382,77.2633,90.7340,-0.9128,
0.6750,-1.3265,1.5518,70.9940,96.7105,95.0162,77.3719,90.6132,-0.9133,
0.6833,-1.1481,1.5214,71.1652,96.6600,94.9034,77.4962,90.4764,-0.9138,
0.6917,-0.9924,1.4886,71.3384,96.6029,94.8011,77.6349,90.3239,-0.9144,
0.7000,-0.8542,1.4536,71.5123,96.5418,94.7094,77.7850,90.1564,-0.9151,
0.7083,-0.7267,1.4166,71.6854,96.4803,94.6272,77.9429,89.9751,-0.9158,
0.7167,-0.6027,1.3776,71.8569,96.4225,94.5525,78.1042,89.7816,-0.9165,
0.7250,-0.4770,1.3369,72.0260,96.3713,94.4825,78.2655,89.5779,-0.9173,
0.7333,-0.3465,1.2948,72.1925,96.3286,94.4142,78.4245,89.3657,-0.9181,
0.7417,-0.2106,1.2516,72.3561,96.2951,94.3449,78.5798,89.1472,-0.9189,
0.7500,-0.0697,1.2078,72.5161,96.2710,94.2730,78.7309,88.9241,-0.9197,
0.7583,0.0747,1.1638,72.6712,96.2558,94.1980,78.8773,88.6982,-0.9205,
0.7667,0.2213,1.1203,72.8207,96.2488,94.1201,79.0193,88.4713,-0.9214,
0.7750,0.3686,1.0783,72.9646,96.2492,94.0394,79.1566,88.2445,-0.9222,
0.7833,0.5150,1.0386,73.1049,96.2564,93.9555,79.2896,88.0190,-0.9230,
0.7917,0.6587,1.0017,73.2441,96.2692,93.8676,79.4187,87.7957,-0.9238,
0.8000,0.7976,0.9673,73.3843,96.2860,93.7756,79.5452,87.5750,-0.9246,
0.8083,0.9295,0.9340,73.5268,96.3047,93.6795,79.6709,87.3573,-0.9254,
0.8167,1.0530,0.9000,73.6723,96.3222,93.5797,79.7985,87.1427,-0.9262,
0.8250,1.1676,0.8633,73.8221,96.3347,93.4754,79.9317,86.9311,-0.9269,
0.8333,1.2748,0.8226,73.9785,96.3376,93.3652,80.0747,86.7225,-0.9277,
0.8417,1.3769,0.7766,74.1439,96.3254,93.2469,80.2322,86.5164,-0.9284,
0.8500,1.4765,0.7248,74.3212,96.2930,93.1184,80.4090,86.3127,-0.9291,
0.8583,1.5762,0.6670,74.5123,96.2356,92.9783,80.6090,86.1111,-0.9298,
0.8667,1.6779,0.6031,74.7181,96.1493,92.8260,80.8357,85.9114,-0.9305,
0.8750,1.7822,0.5330,74.9390,96.0309,92.6615,81.0916,85.7133,-0.9312,
0.8833,1.8886,0.4560,75.1752,95.8779,92.4849,81.3793,85.5167,-0.9319,
0.8917,1.9956,0.3710,75.4270,95.6880,92.2960,81.7007,85.3214,-0.9326,
0.9000,2.1023,0.2766,75.6955,95.4585,92.0941,82.0578,85.1277,-0.9332,
0.9083,2.2080,0.1716,75.9822,95.1864,91.8782,82.4521,84.9358,-0.9338,
0.9167,2.3128,0.0542,76.2873,94.8687,91.6477,82.8842,84.7465,-0.9344,
0.9250,2.4168,-0.0794,76.6092,94.5036,91.4030,83.3537,84.5604,-0.9350,
0.9333,2.5203,-0.2379,76.9436,94.0912,91.1459,83.8598,84.3788,-0.9356,
0.9417,2.6241,-0.4345,77.2851,93.6344,90.8793,84.4014,84.2028,-0.9361,
0.9500,2.7289,-0.6851,77.6280,93.1383,90.6064,84.9775,84.0339,-0.9366,
0.9583,2.8361,-1.0033,77.9672,92.6098,90.3304,85.5868,83.8738,-0.9370,
0.9667,2.9474,-1.3983,78.2981,92.0560,90.0531,86.2274,83.7244,-0.9373,
0.9750,3.0644,-1.8727,78.6177,91.4847,89.7757,86.8959,83.5875,-0.9376,
0.9833,3.1873,-2.4220,78.9241,90.9026,89.4985,87.5874,83.4656,-0.9378,
0.9917,3.3138,-3.0335,79.2169,90.3149,89.2211,88.2956,83.3606,-0.9379,
1.0000,3.4398,-3.6902,79.4963,89.7238,88.9436,89.0135,83.2749,-0.9379,
1.0083,3.5594,-4.3765,79.7632,89.1302,88.6671,89.7344,83.2105,-0.9379,
1.0167,3.6674,-5.0824,80.0180,88.5349,88.3930,90.4523,83.1694,-0.9376,
1.0250,3.7604,-5.8022,80.2601,87.9398,88.1233,91.1614,83.1529,-0.9373,
1.0333,3.8376,-6.5331,80.4879,87.3485,87.8598,91.8557,83.1621,-0.9369,
1.0417,3.8992,-7.2719,80.6993,86.7658,87.6042,92.5285,83.1974,-0.9363,
1.0500,3.9461,-8.0138,80.8923,86.1968,87.3579,93.1737,83.2590,-0.9356,
1.0583,3.9789,-8.7516,81.0654,85.6459,87.1219,93.7868,83.3466,-0.9348,
1.0667,3.9983,-9.4748,81.2171,85.1170,86.8971,94.3646,83.4596,-0.9339,
1.0750,4.0052,-10.1707,81.3461,84.6141,86.6842,94.9052,83.5969,-0.9329,
1.0833,4.0008,-10.8247,81.4509,84.1430,86.4841,95.4065,83.7575,-0.9317,
1.0917,3.9864,-11.4227,81.5307,83.7119,86.2969,95.8660,83.9399,-0.9305,
1.1000,3.9634,-11.9523,81.5860,83.3321,86.1220,96.2807,84.1427,-0.9292,
1.1083,3.9326,-12.4032,81.6185,83.0172,85.9576,96.6474,84.3638,-0.9277,
1.1167,3.8946,-12.7652,81.6312,82.7818,85.8010,96.9634,84.6011,-0.9262,
1.1250,3.8498,-13.0265,81.6272,82.6384,85.6496,97.2269,84.8525,-0.9246,
1.1333,3.7985,-13.1728,81.6101,82.5970,85.5006,97.4374,85.1153,-0.9229,
1.1417,3.7417,-13.1900,81.5829,82.6643,85.3521,97.5959,85.3871,-0.9211,
1.1500,3.6805,-13.0678,81.5481,82.8442,85.2026,97.7043,85.6651,-0.9193,
1.1583,3.6154,-12.8017,81.5073,83.1376,85.0514,97.7656,85.9467,-0.9174,
1.1667,3.5464,-12.3944,81.4614,83.5428,84.8983,97.7843,86.2295,-0.9155,
1.1750,3.4727,-11.8547,81.4107,84.0549,84.7436,97.7656,86.5114,-0.9136,
1.1833,3.3940,-11.1947,81.3558,84.6667,84.5875,97.7158,86.7906,-0.9116,
1.1917,3.3103,-10.4274,81.2971,85.3678,84.4302,97.6418,87.0654,-0.9096,
1.2000,3.2232,-9.5657,81.2345,86.1456,84.2716,97.5509,87.3343,-0.9076,
1.2083,3.1365,-8.6248,81.1658,86.9866,84.1122,97.4508,87.5963,-0.9056,
1.2167,3.0558,-7.6234,81.0877,87.8780,83.9529,97.3487,87.8502,-0.9036,
1.2250,2.9846,-6.5822,80.9982,88.8087,83.7943,97.2514,88.0954,-0.9016,
1.2333,2.9235,-5.5212,80.8983,89.7695,83.6353,97.1641,88.3313,-0.8995,
1.2417,2.8715,-4.4580,80.7921,90.7526,83.4737,97.0906,88.5577,-0.8975,
1.2500,2.8276,-3.4067,80.6837,91.7514,83.3077,97.0334,88.7746,-0.8955,
1.2583,2.7902,-2.3779,80.5759,92.7593,83.1364,96.9944,88.9823,-0.8935,
1.2667,2.7578,-1.3780,80.4721,93.7696,82.9585,96.9736,89.1812,-0.8914,
1.2750,2.7287,-0.4071,80.3769,94.7757,82.7706,96.9694,89.3716,-0.8894,
1.2833,2.7018,0.5387,80.2932,95.7716,82.5708,96.9786,89.5534,-0.8873,
1.2917,2.6765,1.4626,80.2213,96.7536,82.3583,96.9980,89.7264,-0.8852,
1.3000,2.6531,2.3649,80.1612,97.7195,82.1328,97.0261,89.8904,-0.8831,
1.3083,2.6334,3.2456,80.1130,98.6675,81.8938,97.0630,90.0455,-0.8810,
1.3167,2.6200,4.1053,80.0760,99.5950,81.6417,97.1104,90.1917,-0.8789,
1.3250,2.6159,4.9420,80.0484,100.4972,81.3780,97.1695,90.3291,-0.8767,
1.3333,2.6232,5.7474,80.0277,101.3675,81.1047,97.2412,90.4577,-0.8745,
1.3417,2.6420,6.5105,80.0123,102.1983,80.8231,97.3263,90.5772,-0.8723,
1.3500,2.6695,7.2225,80.0018,102.9833,80.5342,97.4260,90.6878,-0.8701,
1.3583,2.7011,7.8800,79.9954,103.7183,80.2392,97.5416,90.7891,-0.8678,
1.3667,2.7315,8.4839,79.9909,104.3998,79.9402,97.6741,90.8814,-0.8656,
1.3750,2.7564,9.0372,79.9847,105.0248,79.6404,97.8244,90.9645,-0.8633,
1.3833,2.7729,9.5427,79.9734,105.5910,79.3425,97.9934,91.0388,-0.8610,
1.3917,2.7794,10.0031,79.9542,106.0972,79.0484,98.1812,91.1046,-0.8586,
1.4000,2.7749,10.4215,79.9248,106.5431,78.7596,98.3863,91.1625,-0.8562,
1.4083,2.7587,10.8010,79.8837,106.9298,78.4767,98.6064,91.2134,-0.8538,
1.4167,2.7312,11.1444,79.8295,107.2585,78.2000,98.8382,91.2582,-0.8513,
1.4250,2.6936,11.4526,79.7614,107.5313,77.9300,99.0781,91.2981,-0.8488,
1.4333,2.6483,11.7246,79.6788,107.7506,77.6671,99.3220,91.3343,-0.8462,
1.4417,2.5977,11.9568,79.5812,107.9199,77.4119,99.5649,91.3681,-0.8435,
1.4500,2.5439,12.1417,79.4685,108.0426,77.1644,99.8020,91.4008,-0.8408,
1.4583,2.4885,12.2678,79.3412,108.1215,76.9242,100.0287,91.4337,-0.8380,
1.4667,2.4321,12.3248,79.1995,108.1593,76.6901,100.2409,91.4681,-0.8350,
1.4750,2.3751,12.3132,79.0441,108.1595,76.4611,100.4348,91.5050,-0.8320,
1.4833,2.3171,12.2503,78.8753,108.1273,76.2361,100.6069,91.5454,-0.8289,
1.4917,2.2563,12.1640,78.6933,108.0697,76.0143,100.7533,91.5904,-0.8257,
1.5000,2.1911,12.0806,78.4991,107.9932,75.7946,100.8706,91.6407,-0.8225,
1.5083,2.1202,12.0124,78.2942,107.9022,75.5753,100.9555,91.6970,-0.8190,
1.5167,2.0431,11.9530,78.0802,107.7985,75.3546,101.0053,91.7595,-0.8155,
1.5250,1.9591,11.8858,77.8571,107.6818,75.1320,101.0172,91.8281,-0.8119,
1.5333,1.8670,11.7958,77.6219,107.5521,74.9099,100.9881,91.9021,-0.8082,
1.5417,1.7652,11.6753,77.3704,107.4106,74.6915,100.9149,91.9801,-0.8043,
1.5500,1.6522,11.5181,77.1011,107.2609,74.4780,100.7940,92.0604,-0.8003,
1.5583,1.5278,11.3134,76.8159,107.1091,74.2672,100.6225,92.1411,-0.7962,
1.5667,1.3922,11.0423,76.5169,106.9636,74.0570,100.3987,92.2208,-0.7920,
1.5750,1.2456,10.6799,76.2021,106.8350,73.8498,100.1222,92.2991,-0.7876,
1.5833,1.0878,10.2050,75.8640,106.7344,73.6536,99.7954,92.3773,-0.7831,
1.5917,0.9185,9.6142,75.4930,106.6706,73.4779,99.4225,92.4586,-0.7785,
1.6000,0.7374,8.9273,75.0854,106.6478,73.3279,99.0095,92.5462,-0.7738,
1.6083,0.5442,8.1793,74.6467,106.6636,73.2008,98.5632,92.6427,-0.7690,
1.6167,0.3382,7.4083,74.1867,106.7101,73.0908,98.0903,92.7485,-0.7641,
1.6250,0.1178,6.6488,73.7094,106.7776,72.9972,97.5959,92.8625,-0.7591,
1.6333,-0.1203,5.9309,73.2094,106.8570,72.9273,97.0827,92.9831,-0.7541,
1.6417,-0.3819,5.2797,72.6768,106.9420,72.8924,96.5510,93.1080,-0.7490,
1.6500,-0.6769,4.7142,72.1025,107.0285,72.9029,95.9993,93.2340,-0.7440,
1.6583,-1.0201,4.2470,71.4802,107.1140,72.9670,95.4252,93.3570,-0.7389,
1.6667,-1.4321,3.8855,70.8051,107.1968,73.0912,94.8264,93.4726,-0.7339,
1.6750,-1.9393,3.6315,70.0737,107.2761,73.2804,94.2015,93.5769,-0.7288,
1.6833,-2.5726,3.4802,69.2828,107.3531,73.5391,93.5494,93.6666,-0.7239,
1.6917,-3.3624,3.4212,68.4294,107.4318,73.8709,92.8687,93.7401,-0.7189,
1.7000,-4.3316,3.4408,67.5101,107.5164,74.2797,92.1604,93.7981,-0.7141,
1.7083,-5.4871,3.5234,66.5212,107.6065,74.7693,91.4316,93.8430,-0.7093,
1.7167,-6.8206,3.6516,65.4598,107.6935,75.3439,90.6984,93.8763,-0.7046,
1.7250,-8.3189,3.8058,64.3255,107.7607,76.0076,89.9842,93.8976,-0.6999,
1.7333,-9.9758,3.9662,63.1208,107.7894,76.7644,89.3145,93.9047,-0.6954,
1.7417,-11.7933,4.1138,61.8496,107.7655,77.6178,88.7101,93.8961,-0.6909,
1.7500,-13.7763,4.2319,60.5162,107.6830,78.5708,88.1835,93.8730,-0.6865,
1.7583,-15.9273,4.3087,59.1261,107.5436,79.6248,87.7379,93.8390,-0.6823,
1.7667,-18.2438,4.3381,57.6866,107.3542,80.7788,87.3695,93.7980,-0.6781,
1.7750,-20.7204,4.3207,56.2089,107.1241,82.0297,87.0688,93.7523,-0.6740,
1.7833,-23.3516,4.2637,54.7100,106.8641,83.3708,86.8223,93.7034,-0.6699,
1.7917,-26.1331,4.1795,53.2125,106.5865,84.7927,86.6132,93.6522,-0.6659,
1.8000,-29.0586,4.0833,51.7427,106.3053,86.2825,86.4221,93.6000,-0.6620,
1.8083,-32.1159,3.9900,50.3263,106.0357,87.8250,86.2292,93.5480,-0.6580,
1.8167,-35.2848,3.9118,48.9866,105.7917,89.4029,86.0164,93.4972,-0.6541,
1.8250,-38.5336,3.8570,47.7433,105.5846,90.9979,85.7701,93.4479,-0.6502,
1.8333,-41.8120,3.8300,46.6123,105.4203,92.5926,85.4823,93.4007,-0.6464,
1.8417,-45.0450,3.8315,45.6051,105.2993,94.1708,85.1518,93.3556,-0.6425,
1.8500,-48.1354,3.8585,44.7274,105.2167,95.7194,84.7832,93.3129,-0.6387,
1.8583,-50.9711,3.9054,43.9766,105.1639,97.2276,84.3850,93.2727,-0.6348,
1.8667,-53.4244,3.9646,43.3432,105.1303,98.6873,83.9680,93.2352,-0.6310,
1.8750,-55.3574,4.0288,42.8177,105.1040,100.0931,83.5443,93.2006,-0.6272,
1.8833,-56.6496,4.0918,42.3968,105.0735,101.4419,83.1256,93.1690,-0.6234,
1.8917,-57.2393,4.1485,42.0842,105.0285,102.7328,82.7229,93.1400,-0.6197,
1.9000,-57.1489,4.1947,41.8882,104.9601,103.9653,82.3450,93.1130,-0.6159,
1.9083,-56.4784,4.2275,41.8198,104.8618,105.1389,81.9991,93.0872,-0.6122,
1.9167,-55.3704,4.2458,41.8904,104.7294,106.2521,81.6901,93.0622,-0.6085,
1.9250,-53.9659,4.2502,42.1099,104.5617,107.3030,81.4203,93.0372,-0.6049,
1.9333,-52.3736,4.2421,42.4841,104.3601,108.2889,81.1895,93.0116,-0.6012,
1.9417,-50.6583,4.2221,43.0136,104.1278,109.2072,80.9950,92.9845,-0.5976,
1.9500,-48.8452,4.1906,43.6942,103.8696,110.0558,80.8324,92.9550,-0.5940,
1.9583,-46.9324,4.1479,44.5182,103.5910,110.8343,80.6955,92.9220,-0.5904,
1.9667,-44.9074,4.0950,45.4756,103.2986,111.5445,80.5769,92.8846,-0.5868,
1.9750,-42.7607,4.0338,46.5556,102.9987,112.1902,80.4687,92.8419,-0.5833,
1.9833,-40.4956,3.9665,47.7477,102.6972,112.7764,80.3638,92.7934,-0.5797,
1.9917,-38.1325,3.8953,49.0430,102.3986,113.3090,80.2563,92.7389,-0.5762,
2.0000,-35.7051,3.8224,50.4338,102.1063,113.7935,80.1421,92.6784,-0.5727,
2.0083,-33.2509,3.7505,51.9131,101.8221,114.2356,80.0186,92.6121,-0.5692,
2.0167,-30.8019,3.6825,53.4726,101.5471,114.6398,79.8847,92.5397,-0.5657,
2.0250,-28.3782,3.6202,55.1019,101.2818,115.0099,79.7399,92.4608,-0.5622,
2.0333,-25.9867,3.5644,56.7886,101.0266,115.3489,79.5843,92.3748,-0.5588,
2.0417,-23.6242,3.5150,58.5189,100.7821,115.6594,79.4182,92.2811,-0.5553,
2.0500,-21.2850,3.4721,60.2800,100.5485,115.9435,79.2423,92.1788,-0.5519,
2.0583,-18.9643,3.4361,62.0613,100.3256,116.2025,79.0582,92.0673,-0.5486,
2.0667,-16.6602,3.4075,63.8543,100.1127,116.4371,78.8679,91.9453,-0.5453,
2.0750,-14.3750,3.3859,65.6519,99.9091,116.6477,78.6734,91.8116,-0.5420,
2.0833,-12.1148,3.3700,67.4475,99.7150,116.8349,78.4754,91.6650,-0.5388,
2.0917,-9.8901,3.3580,69.2351,99.5317,116.9989,78.2726,91.5049,-0.5357,
2.1000,-7.7171,3.3484,71.0078,99.3609,117.1402,78.0627,91.3312,-0.5327,
2.1083,-5.6173,3.3403,72.7588,99.2038,117.2592,77.8441,91.1440,-0.5297,
2.1167,-3.6125,3.3329,74.4807,99.0599,117.3561,77.6175,90.9437,-0.5269,
2.1250,-1.7172,3.3253,76.1662,98.9264,117.4305,77.3857,90.7314,-0.5240,
2.1333,0.0698,3.3167,77.8081,98.7993,117.4810,77.1521,90.5092,-0.5212,
2.1417,1.7611,3.3062,79.3980,98.6736,117.5065,76.9202,90.2801,-0.5185,
2.1500,3.3615,3.2924,80.9247,98.5444,117.5067,76.6933,90.0470,-0.5157,
2.1583,4.8581,3.2725,82.3737,98.4072,117.4826,76.4745,89.8128,-0.5129,
2.1667,6.2339,3.2432,83.7303,98.2585,117.4361,76.2661,89.5797,-0.5100,
2.1750,7.4845,3.2029,84.9838,98.0954,117.3695,76.0696,89.3499,-0.5071,
2.1833,8.6177,3.1525,86.1286,97.9155,117.2842,75.8854,89.1251,-0.5042,
2.1917,9.6478,3.0947,87.1634,97.7170,117.1813,75.7134,88.9074,-0.5011,
2.2000,10.5894,3.0319,88.0895,97.4984,117.0605,75.5530,88.6982,-0.4980,
2.2083,11.4516,2.9649,88.9097,97.2594,116.9207,75.4030,88.4990,-0.4948,
2.2167,12.2329,2.8927,89.6272,97.0008,116.7595,75.2613,88.3111,-0.4915,
2.2250,12.9192,2.8123,90.2449,96.7249,116.5733,75.1251,88.1361,-0.4881,
2.2333,13.4833,2.7188,90.7650,96.4350,116.3577,74.9914,87.9756,-0.4847,
2.2417,13.8921,2.6059,91.1888,96.1343,116.1077,74.8575,87.8313,-0.4811,
2.2500,14.1233,2.4671,91.5193,95.8259,115.8181,74.7214,87.7050,-0.4773,
2.2583,14.1734,2.2977,91.7610,95.5123,115.4840,74.5812,87.5985,-0.4734,
2.2667,14.0514,2.0960,91.9188,95.1956,115.1003,74.4346,87.5131,-0.4694,
2.2750,13.7709,1.8670,91.9967,94.8767,114.6622,74.2791,87.4494,-0.4652,
2.2833,13.3481,1.6243,91.9973,94.5549,114.1648,74.1113,87.4076,-0.4609,
2.2917,12.8035,1.3863,91.9257,94.2283,113.6033,73.9285,87.3875,-0.4564,
2.3000,12.1612,1.1677,91.7948,93.8952,112.9750,73.7298,87.3883,-0.4518,
2.3083,11.4486,0.9750,91.6286,93.5551,112.2824,73.5164,87.4085,-0.4470,
2.3167,10.6991,0.8078,91.4600,93.2087,111.5361,73.2913,87.4452,-0.4421,
2.3250,9.9497,0.6619,91.3262,92.8566,110.7565,73.0589,87.4948,-0.4371,
2.3333,9.2340,0.5316,91.2594,92.4988,109.9737,72.8254,87.5516,-0.4321,
2.3417,8.5769,0.4104,91.2733,92.1334,109.2254,72.5996,87.6085,-0.4271,
2.3500,7.9985,0.2914,91.3536,91.7570,108.5519,72.3921,87.6563,-0.4221,
2.3583,7.5181,0.1675,91.4589,91.3658,107.9869,72.2140,87.6862,-0.4172,
2.3667,7.1487,0.0313,91.5340,90.9566,107.5477,72.0736,87.6924,-0.4125,
2.3750,6.8862,-0.1224,91.5300,90.5280,107.2313,71.9751,87.6727,-0.4079,
2.3833,6.7074,-0.2961,91.4244,90.0802,107.0155,71.9194,87.6277,-0.4034,
2.3917,6.5824,-0.4900,91.2278,89.6143,106.8655,71.9050,87.5595,-0.3990,
2.4000,6.4955,-0.7046,90.9735,89.1317,106.7411,71.9297,87.4706,-0.3947,
2.4083,6.4551,-0.9424,90.6961,88.6338,106.6071,71.9913,87.3631,-0.3904,
2.4167,6.4840,-1.2091,90.4189,88.1210,106.4389,72.0888,87.2392,-0.3863,
2.4250,6.5963,-1.5123,90.1556,87.5927,106.2242,72.2220,87.1015,-0.3823,
2.4333,6.7860,-1.8601,89.9182,87.0470,105.9604,72.3910,86.9530,-0.3785,
2.4417,7.0348,-2.2584,89.7185,86.4807,105.6502,72.5962,86.7973,-0.3747,
2.4500,7.3245,-2.7089,89.5644,85.8903,105.2983,72.8380,86.6384,-0.3711,
2.4583,7.6415,-3.2095,89.4581,85.2729,104.9103,73.1164,86.4790,-0.3675,
2.4667,7.9751,-3.7564,89.3968,84.6263,104.4919,73.4314,86.3205,-0.3640,
2.4750,8.3152,-4.3467,89.3745,83.9492,104.0492,73.7832,86.1634,-0.3605,
2.4833,8.6497,-4.9779,89.3831,83.2409,103.5889,74.1719,86.0077,-0.3571,
2.4917,8.9629,-5.6460,89.4126,82.5013,103.1178,74.5972,85.8537,-0.3537,
2.5000,9.2378,-6.3451,89.4532,81.7311,102.6418,75.0575,85.7018,-0.3503,
2.5083,9.4628,-7.0700,89.4976,80.9323,102.1641,75.5501,85.5531,-0.3469,
2.5167,9.6396,-7.8198,89.5422,80.1088,101.6856,76.0716,85.4091,-0.3436,
2.5250,9.7831,-8.5976,89.5865,79.2660,101.2066,76.6181,85.2714,-0.3402,
2.5333,9.9127,-9.4080,89.6315,78.4102,100.7285,77.1855,85.1414,-0.3369,
2.5417,10.0404,-10.2524,89.6781,77.5474,100.2538,77.7697,85.0193,-0.3336,
2.5500,10.1694,-11.1298,89.7269,76.6829,99.7852,78.3666,84.9054,-0.3302,
2.5583,10.2979,-12.0400,89.7780,75.8214,99.3245,78.9732,84.7998,-0.3269,
2.5667,10.4244,-12.9891,89.8308,74.9683,98.8726,79.5883,84.7032,-0.3237,
2.5750,10.5484,-13.9922,89.8838,74.1308,98.4292,80.2120,84.6169,-0.3204,
2.5833,10.6709,-15.0687,89.9340,73.3176,97.9928,80.8443,84.5432,-0.3172,
2.5917,10.7931,-16.2309,89.9784,72.5367,97.5604,81.4828,84.4850,-0.3140,
2.6000,10.9166,-17.4738,90.0137,71.7937,97.1307,82.1209,84.4442,-0.3107,
2.6083,11.0428,-18.7716,90.0379,71.0915,96.7043,82.7480,84.4209,-0.3074,
2.6167,11.1725,-20.0807,90.0493,70.4325,96.2842,83.3507,84.4139,-0.3040,
2.6250,11.3060,-21.3496,90.0465,69.8220,95.8731,83.9157,84.4219,-0.3007,
2.6333,11.4421,-22.5258,90.0293,69.2706,95.4727,84.4312,84.4434,-0.2973,
2.6417,11.5770,-23.5595,89.9981,68.7947,95.0840,84.8876,84.4776,-0.2939,
2.6500,11.7021,-24.4078,89.9557,68.4165,94.7074,85.2769,84.5235,-0.2904,
2.6583,11.8040,-25.0373,89.9069,68.1616,94.3427,85.5930,84.5797,-0.2870,
2.6667,11.8684,-25.4231,89.8576,68.0564,93.9893,85.8316,84.6450,-0.2835,
2.6750,11.8883,-25.5478,89.8111,68.1236,93.6456,85.9914,84.7178,-0.2800,
2.6833,11.8667,-25.3991,89.7665,68.3788,93.3091,86.0735,84.7967,-0.2764,
2.6917,11.8120,-24.9695,89.7205,68.8278,92.9764,86.0822,84.8807,-0.2729,
2.7000,11.7321,-24.2561,89.6702,69.4667,92.6449,86.0239,84.9689,-0.2693,
2.7083,11.6332,-23.2635,89.6145,70.2828,92.3130,85.9076,85.0609,-0.2657,
2.7167,11.5232,-22.0088,89.5543,71.2565,91.9798,85.7450,85.1565,-0.2621,
2.7250,11.4137,-20.5236,89.4919,72.3636,91.6446,85.5500,85.2556,-0.2584,
2.7333,11.3154,-18.8524,89.4295,73.5783,91.3074,85.3384,85.3579,-0.2547,
2.7417,11.2271,-17.0461,89.3687,74.8736,90.9692,85.1270,85.4633,-0.2510,
2.7500,11.1354,-15.1582,89.3090,76.2227,90.6317,84.9327,85.5712,-0.2473,
2.7583,11.0234,-13.2427,89.2484,77.6002,90.2979,84.7716,85.6801,-0.2436,
2.7667,10.8808,-11.3519,89.1839,78.9843,89.9715,84.6583,85.7880,-0.2399,
2.7750,10.7055,-9.5310,89.1116,80.3578,89.6571,84.6043,85.8924,-0.2362,
2.7833,10.5025,-7.8129,89.0270,81.7078,89.3595,84.6174,85.9901,-0.2326,
2.7917,10.2816,-6.2159,88.9250,83.0253,89.0848,84.7010,86.0781,-0.2291,
2.8000,10.0546,-4.7453,88.8005,84.3052,88.8390,84.8539,86.1538,-0.2257,
2.8083,9.8317,-3.3968,88.6498,85.5461,88.6275,85.0713,86.2152,-0.2225,
2.8167,9.6201,-2.1618,88.4713,86.7487,88.4524,85.3459,86.2622,-0.2193,
2.8250,9.4228,-1.0296,88.2674,87.9134,88.3114,85.6699,86.2967,-0.2163,
2.8333,9.2403,0.0106,88.0442,89.0381,88.1975,86.0374,86.3216,-0.2133,
2.8417,9.0718,0.9707,87.8104,90.1177,88.1014,86.4453,86.3401,-0.2105,
2.8500,8.9157,1.8618,87.5748,91.1445,88.0141,86.8938,86.3553,-0.2076,
2.8583,8.7698,2.6935,87.3436,92.1085,87.9286,87.3851,86.3696,-0.2048,
2.8667,8.6303,3.4719,87.1201,92.9998,87.8400,87.9217,86.3860,-0.2020,
2.8750,8.4927,4.1992,86.9061,93.8096,87.7439,88.5051,86.4072,-0.1992,
2.8833,8.3529,4.8733,86.7020,94.5320,87.6365,89.1353,86.4364,-0.1963,
2.8917,8.2076,5.4900,86.5077,95.1631,87.5137,89.8114,86.4768,-0.1933,
2.9000,8.0553,6.0459,86.3226,95.7024,87.3722,90.5311,86.5313,-0.1903,
2.9083,7.8947,6.5389,86.1455,96.1524,87.2100,91.2902,86.6023,-0.1871,
2.9167,7.7254,6.9685,85.9742,96.5197,87.0277,92.0827,86.6913,-0.1839,
2.9250,7.5471,7.3356,85.8065,96.8145,86.8287,92.9007,86.7977,-0.1805,
2.9333,7.3605,7.6422,85.6406,97.0498,86.6192,93.7352,86.9189,-0.1770,
2.9417,7.1674,7.8924,85.4747,97.2390,86.4080,94.5774,87.0504,-0.1735,
2.9500,6.9704,8.0935,85.3075,97.3946,86.2048,95.4199,87.1867,-0.1701,
2.9583,6.7722,8.2546,85.1380,97.5271,86.0184,96.2565,87.3224,-0.1666,
2.9667,6.5746,8.3833,84.9658,97.6457,85.8548,97.0821,87.4532,-0.1633,
2.9750,6.3787,8.4850,84.7906,97.7571,85.7171,97.8926,87.5767,-0.1602,
2.9833,6.1853,8.5651,84.6126,97.8661,85.6045,98.6847,87.6925,-0.1571,
2.9917,5.9953,8.6314,84.4320,97.9765,85.5131,99.4555,87.8023,-0.1541,
3.0000,5.8100,8.6946,84.2493,98.0909,85.4362,100.2011,87.9092,-0.1512,
3.0083,5.6297,8.7659,84.0645,98.2116,85.3659,100.9178,88.0172,-0.1483,
3.0167,5.4540,8.8551,83.8777,98.3390,85.2934,101.6018,88.1307,-0.1454,
3.0250,5.2816,8.9698,83.6893,98.4728,85.2100,102.2498,88.2539,-0.1424,
3.0333,5.1105,9.1148,83.4996,98.6122,85.1086,102.8586,88.3898,-0.1393,
3.0417,4.9391,9.2921,83.3089,98.7578,84.9845,103.4260,88.5400,-0.1360,
3.0500,4.7670,9.4982,83.1173,98.9113,84.8364,103.9522,88.7046,-0.1326,
3.0583,4.5951,9.7233,82.9244,99.0756,84.6663,104.4413,88.8816,-0.1291,
3.0667,4.4247,9.9530,82.7302,99.2549,84.4784,104.8999,89.0680,-0.1254,
3.0750,4.2571,10.1750,82.5346,99.4539,84.2778,105.3348,89.2601,-0.1217,
3.0833,4.0930,10.3834,82.3381,99.6768,84.0688,105.7502,89.4547,-0.1179,
3.0917,3.9332,10.5798,82.1414,99.9266,83.8546,106.1467,89.6494,-0.1140,
3.1000,3.7785,10.7726,81.9459,100.2033,83.6367,106.5223,89.8428,-0.1102,
3.1083,3.6300,10.9756,81.7526,100.5042,83.4155,106.8726,90.0341,-0.1063,
3.1167,3.4886,11.2032,81.5624,100.8254,83.1904,107.1922,90.2232,-0.1024,
3.1250,3.3540,11.4616,81.3752,101.1636,82.9606,107.4769,90.4101,-0.0985,
3.1333,3.2243,11.7458,81.1908,101.5173,82.7254,107.7249,90.5951,-0.0946,
3.1417,3.0969,12.0427,81.0089,101.8862,82.4841,107.9364,90.7784,-0.0907,
3.1500,2.9690,12.3344,80.8293,102.2694,82.2358,108.1129,90.9601,-0.0868,
3.1583,2.8383,12.6032,80.6521,102.6648,81.9795,108.2565,91.1403,-0.0828,
3.1667,2.7036,12.8384,80.4773,103.0692,81.7146,108.3699,91.3188,-0.0788,
3.1750,2.5652,13.0462,80.3042,103.4792,81.4405,108.4558,91.4953,-0.0748,
3.1833,2.4251,13.2566,80.1316,103.8925,81.1575,108.5164,91.6694,-0.0707,
3.1917,2.2861,13.5140,79.9579,104.3077,80.8661,108.5530,91.8404,-0.0666,
3.2000,2.1514,13.8476,79.7815,104.7225,80.5673,108.5665,92.0075,-0.0625,
3.2083,2.0230,14.2548,79.6011,105.1326,80.2624,108.5581,92.1697,-0.0583,
3.2167,1.9023,14.7146,79.4159,105.5327,79.9530,108.5296,92.3257,-0.0542,
3.2250,1.7909,15.2076,79.2252,105.9185,79.6410,108.4832,92.4738,-0.0499,
3.2333,1.6896,15.7178,79.0286,106.2864,79.3288,108.4216,92.6125,-0.0457,
3.2417,1.5985,16.2244,78.8254,106.6324,79.0182,108.3472,92.7405,-0.0414,
3.2500,1.5159,16.6976,78.6148,106.9514,78.7111,108.2622,92.8567,-0.0372,
3.2583,1.4389,17.1068,78.3954,107.2385,78.4093,108.1691,92.9605,-0.0329,
3.2667,1.3635,17.4332,78.1652,107.4903,78.1147,108.0707,93.0517,-0.0286,
3.2750,1.2858,17.6717,77.9214,107.7043,77.8295,107.9694,93.1299,-0.0243,
3.2833,1.2029,17.8251,77.6613,107.8786,77.5554,107.8672,93.1956,-0.0200,
3.2917,1.1143,17.9008,77.3827,108.0114,77.2935,107.7643,93.2492,-0.0157,
3.3000,1.0224,17.9084,77.0852,108.1010,77.0433,107.6593,93.2913,-0.0113,
3.3083,0.9302,17.8589,76.7716,108.1473,76.8017,107.5490,93.3230,-0.0069,
3.3167,0.8402,17.7636,76.4485,108.1510,76.5627,107.4297,93.3454,-0.0024,
3.3250,0.7534,17.6334,76.1237,108.1141,76.3189,107.2973,93.3594,0.0021,
3.3333,0.6697,17.4768,75.8026,108.0389,76.0654,107.1478,93.3661,0.0067,
3.3417,0.5886,17.2969,75.4863,107.9283,75.8016,106.9771,93.3661,0.0113,
3.3500,0.5097,17.0894,75.1728,107.7861,75.5293,106.7810,93.3601,0.0160,
3.3583,0.4337,16.8431,74.8588,107.6179,75.2515,106.5555,93.3485,0.0208,
3.3667,0.3616,16.5403,74.5409,107.4319,74.9709,106.2968,93.3319,0.0256,
3.3750,0.2937,16.1590,74.2157,107.2390,74.6903,106.0022,93.3110,0.0305,
3.3833,0.2293,15.6780,73.8806,107.0526,74.4115,105.6704,93.2860,0.0355,
3.3917,0.1663,15.0860,73.5342,106.8875,74.1359,105.3023,93.2572,0.0406,
3.4000,0.0998,14.3891,73.1762,106.7569,73.8642,104.9009,93.2244,0.0457,
3.4083,0.0216,13.6095,72.8063,106.6693,73.5979,104.4720,93.1870,0.0509,
3.4167,-0.0793,12.7779,72.4244,106.6259,73.3388,104.0246,93.1440,0.0562,
3.4250,-0.2147,11.9243,72.0299,106.6192,73.0890,103.5702,93.0942,0.0615,
3.4333,-0.3968,11.0738,71.6223,106.6350,72.8512,103.1214,93.0362,0.0669,
3.4417,-0.6382,10.2475,71.2009,106.6547,72.6286,102.6896,92.9692,0.0722,
3.4500,-0.9526,9.4652,70.7652,106.6575,72.4252,102.2846,92.8921,0.0776,
3.4583,-1.3535,8.7440,70.3145,106.6232,72.2461,101.9136,92.8045,0.0830,
3.4667,-1.8533,8.0957,69.8484,106.5348,72.0965,101.5806,92.7060,0.0884,
3.4750,-2.4624,7.5243,69.3667,106.3806,71.9817,101.2860,92.5966,0.0938,
3.4833,-3.1878,7.0285,68.8685,106.1556,71.9063,101.0259,92.4768,0.0992,
3.4917,-4.0308,6.6073,68.3516,105.8614,71.8732,100.7937,92.3477,0.1046,
3.5000,-4.9864,6.2606,67.8127,105.5062,71.8831,100.5805,92.2109,0.1100,
3.5083,-6.0428,5.9842,67.2485,105.1042,71.9339,100.3766,92.0688,0.1155,
3.5167,-7.1833,5.7650,66.6580,104.6741,72.0218,100.1720,91.9240,0.1209,
3.5250,-8.3924,5.5847,66.0420,104.2354,72.1429,99.9565,91.7790,0.1264,
3.5333,-9.6607,5.4247,65.4024,103.8047,72.2945,99.7212,91.6364,0.1320,
3.5417,-10.9875,5.2705,64.7420,103.3933,72.4756,99.4600,91.4988,0.1376,
3.5500,-12.3797,5.1138,64.0647,103.0083,72.6862,99.1678,91.3684,0.1432,
3.5583,-13.8464,4.9555,63.3743,102.6546,72.9270,98.8387,91.2476,0.1490,
3.5667,-15.3912,4.8069,62.6710,102.3367,73.1995,98.4646,91.1383,0.1547,
3.5750,-17.0089,4.6839,61.9507,102.0581,73.5068,98.0370,91.0419,0.1606,
3.5833,-18.6893,4.5960,61.2068,101.8215,73.8534,97.5508,90.9588,0.1665,
3.5917,-20.4240,4.5390,60.4334,101.6277,74.2446,97.0066,90.8894,0.1725,
3.6000,-22.2087,4.4977,59.6258,101.4765,74.6859,96.4096,90.8332,0.1785,
3.6083,-24.0435,4.4550,58.7801,101.3663,75.1829,95.7672,90.7898,0.1846,
3.6167,-25.9350,4.4004,57.8931,101.2947,75.7412,95.0859,90.7584,0.1908,
3.6250,-27.8949,4.3318,56.9630,101.2598,76.3663,94.3693,90.7385,0.1970,
3.6333,-29.9352,4.2557,55.9885,101.2611,77.0639,93.6185,90.7293,0.2032,
3.6417,-32.0628,4.1855,54.9675,101.3004,77.8407,92.8317,90.7301,0.2095,
3.6500,-34.2785,4.1389,53.8973,101.3811,78.7039,92.0058,90.7394,0.2159,
3.6583,-36.5804,4.1305,52.7776,101.5059,79.6599,91.1384,90.7547,0.2222,
3.6667,-38.9663,4.1629,51.6150,101.6750,80.7104,90.2290,90.7719,0.2285,
3.6750,-41.4310,4.2279,50.4244,101.8845,81.8512,89.2810,90.7853,0.2348,
3.6833,-43.9612,4.3144,49.2278,102.1270,83.0716,88.3020,90.7894,0.2410,
3.6917,-46.5305,4.4147,48.0502,102.3916,84.3539,87.3031,90.7811,0.2470,
3.7000,-49.0950,4.5255,46.9141,102.6641,85.6776,86.2988,90.7599,0.2529,
3.7083,-51.5899,4.6447,45.8351,102.9272,87.0236,85.3073,90.7263,0.2586,
3.7167,-53.9265,4.7652,44.8224,103.1614,88.3773,84.3499,90.6811,0.2643,
3.7250,-55.9927,4.8723,43.8820,103.3468,89.7276,83.4500,90.6238,0.2698,
3.7333,-57.6607,4.9515,43.0192,103.4668,91.0675,82.6294,90.5529,0.2752,
3.7417,-58.8031,5.0015,42.2403,103.5120,92.3923,81.9056,90.4662,0.2805,
3.7500,-59.3217,5.0364,41.5545,103.4815,93.6997,81.2885,90.3611,0.2856,
3.7583,-59.1782,5.0730,40.9763,103.3808,94.9879,80.7797,90.2350,0.2906,
3.7667,-58.4090,5.1218,40.5271,103.2192,96.2548,80.3732,90.0859,0.2954,
3.7750,-57.1136,5.1842,40.2335,103.0071,97.4974,80.0569,89.9125,0.3001,
3.7833,-55.4221,5.2517,40.1226,102.7546,98.7111,79.8154,89.7144,0.3046,
3.7917,-53.4597,5.3063,40.2160,102.4700,99.8900,79.6313,89.4925,0.3091,
3.8000,-51.3236,5.3278,40.5255,102.1596,101.0279,79.4869,89.2487,0.3134,
3.8083,-49.0767,5.3032,41.0539,101.8297,102.1184,79.3667,88.9856,0.3177,
3.8167,-46.7540,5.2291,41.7987,101.4871,103.1558,79.2588,88.7066,0.3220,
3.8250,-44.3733,5.1129,42.7548,101.1383,104.1368,79.1545,88.4149,0.3263,
3.8333,-41.9453,4.9703,43.9140,100.7877,105.0613,79.0468,88.1133,0.3307,
3.8417,-39.4792,4.8183,45.2643,100.4380,105.9329,78.9303,87.8035,0.3351,
3.8500,-36.9840,4.6684,46.7890,100.0913,106.7582,78.8016,87.4860,0.3396,
3.8583,-34.4668,4.5247,48.4670,99.7497,107.5447,78.6586,87.1610,0.3441,
3.8667,-31.9332,4.3862,50.2751,99.4159,108.2988,78.5001,86.8286,0.3486,
3.8750,-29.3894,4.2509,52.1908,99.0920,109.0231,78.3255,86.4898,0.3531,
3.8833,-26.8433,4.1186,54.1971,98.7798,109.7146,78.1342,86.1462,0.3576,
3.8917,-24.3035,3.9917,56.2836,98.4804,110.3650,77.9256,85.8003,0.3621,
3.9000,-21.7750,3.8728,58.4447,98.1952,110.9635,77.6982,85.4552,0.3665,
3.9083,-19.2576,3.7640,60.6755,97.9261,111.5007,77.4495,85.1139,0.3710,
3.9167,-16.7489,3.6662,62.9695,97.6747,111.9708,77.1771,84.7786,0.3755,
3.9250,-14.2489,3.5807,65.3184,97.4416,112.3714,76.8792,84.4510,0.3800,
3.9333,-11.7620,3.5091,67.7129,97.2256,112.7035,76.5561,84.1313,0.3846,
3.9417,-9.2947,3.4528,70.1425,97.0236,112.9696,76.2100,83.8194,0.3892,
3.9500,-6.8547,3.4129,72.5948,96.8304,113.1724,75.8445,83.5152,0.3939,
3.9583,-4.4538,3.3897,75.0556,96.6396,113.3153,75.4636,83.2193,0.3986,
3.9667,-2.1101,3.3827,77.5082,96.4444,113.4024,75.0717,82.9330,0.4033,
3.9750,0.1531,3.3887,79.9338,96.2380,113.4399,74.6732,82.6580,0.4081,
3.9833,2.3111,3.4002,82.3106,96.0149,113.4347,74.2724,82.3967,0.4130,
3.9917,4.3387,3.4055,84.6143,95.7717,113.3928,73.8732,82.1526,0.4180,
4.0000,6.2112,3.3934,86.8178,95.5069,113.3179,73.4787,81.9305,0.4231,
4.0083,7.9098,3.3574,88.8926,95.2196,113.2106,73.0918,81.7360,0.4283,
4.0167,9.4272,3.2960,90.8096,94.9074,113.0690,72.7157,81.5754,0.4337,
4.0250,10.7650,3.2099,92.5405,94.5659,112.8898,72.3543,81.4551,0.4393,
4.0333,11.9228,3.1000,94.0596,94.1883,112.6694,72.0121,81.3806,0.4452,
4.0417,12.8880,2.9669,95.3448,93.7675,112.4067,71.6928,81.3548,0.4514,
4.0500,13.6276,2.8114,96.3802,93.2988,112.1032,71.3984,81.3781,0.4579,
4.0583,14.0906,2.6343,97.1578,92.7815,111.7609,71.1280,81.4485,0.4646,
4.0667,14.2223,2.4362,97.6805,92.2199,111.3815,70.8781,81.5630,0.4716,
4.0750,13.9901,2.2170,97.9639,91.6215,110.9676,70.6434,81.7172,0.4789,
4.0833,13.4031,1.9762,98.0369,90.9949,110.5237,70.4184,81.9058,0.4863,
4.0917,12.5158,1.7129,97.9411,90.3486,110.0585,70.1992,82.1225,0.4939,
4.1000,11.4176,1.4252,97.7276,89.6896,109.5841,69.9838,82.3603,0.5017,
4.1083,10.2232,1.1102,97.4471,89.0234,109.1166,69.7728,82.6118,0.5096,
4.1167,9.0607,0.7646,97.1361,88.3538,108.6740,69.5686,82.8691,0.5176,
4.1250,8.0489,0.3852,96.8063,87.6829,108.2737,69.3751,83.1248,0.5256,
4.1333,7.2665,-0.0305,96.4435,87.0118,107.9285,69.1956,83.3724,0.5337,
4.1417,6.7347,-0.4825,96.0193,86.3409,107.6449,69.0319,83.6064,0.5417,
4.1500,6.4247,-0.9700,95.5079,85.6701,107.4214,68.8847,83.8227,0.5497,
4.1583,6.2797,-1.4928,94.9002,84.9980,107.2472,68.7545,84.0177,0.5576,
4.1667,6.2386,-2.0519,94.2100,84.3230,107.1012,68.6426,84.1890,0.5653,
4.1750,6.2501,-2.6467,93.4704,83.6427,106.9563,68.5515,84.3352,0.5730,
4.1833,6.2768,-3.2760,92.7235,82.9543,106.7846,68.4851,84.4559,0.5804,
4.1917,6.2936,-3.9410,92.0097,82.2557,106.5628,68.4494,84.5512,0.5877,
4.2000,6.2868,-4.6506,91.3607,81.5457,106.2749,68.4527,84.6220,0.5947,
4.2083,6.2540,-5.4196,90.7979,80.8246,105.9135,68.5047,84.6695,0.6015,
4.2167,6.2019,-6.2626,90.3331,80.0934,105.4795,68.6143,84.6948,0.6081,
4.2250,6.1418,-7.1885,89.9714,79.3532,104.9798,68.7877,84.6994,0.6145,
4.2333,6.0872,-8.2007,89.7121,78.6042,104.4240,69.0284,84.6851,0.6208,
4.2417,6.0500,-9.2973,89.5492,77.8455,103.8210,69.3371,84.6543,0.6268,
4.2500,6.0376,-10.4695,89.4700,77.0741,103.1785,69.7112,84.6099,0.6327,
4.2583,6.0520,-11.6990,89.4565,76.2840,102.5047,70.1452,84.5549,0.6385,
4.2667,6.0902,-12.9613,89.4884,75.4681,101.8085,70.6310,84.4924,0.6442,
4.2750,6.1461,-14.2339,89.5480,74.6203,101.0994,71.1607,84.4248,0.6499,
4.2833,6.2140,-15.5048,89.6223,73.7392,100.3862,71.7276,84.3540,0.6555,
4.2917,6.2902,-16.7716,89.7034,72.8295,99.6765,72.3252,84.2813,0.6610,
4.3000,6.3723,-18.0360,89.7868,71.9015,98.9760,72.9466,84.2082,0.6664,
4.3083,6.4558,-19.2974,89.8692,70.9700,98.2886,73.5830,84.1366,0.6718,
4.3167,6.5334,-20.5467,89.9471,70.0536,97.6174,74.2243,84.0693,0.6772,
4.3250,6.5948,-21.7639,90.0150,69.1757,96.9651,74.8592,84.0093,0.6825,
4.3333,6.6300,-22.9170,90.0659,68.3662,96.3344,75.4760,83.9599,0.6878,
4.3417,6.6339,-23.9629,90.0918,67.6602,95.7272,76.0631,83.9243,0.6931,
4.3500,6.6064,-24.8520,90.0851,67.0944,95.1435,76.6086,83.9055,0.6984,
4.3583,6.5505,-25.5350,90.0408,66.7027,94.5814,77.1018,83.9058,0.7038,
4.3667,6.4688,-25.9700,89.9563,66.5121,94.0401,77.5351,83.9256,0.7092,
4.3750,6.3607,-26.1257,89.8320,66.5396,93.5221,77.9062,83.9624,0.7147,
4.3833,6.2207,-25.9799,89.6707,66.7902,93.0331,78.2183,84.0108,0.7201,
4.3917,6.0423,-25.5187,89.4780,67.2586,92.5793,78.4779,84.0640,0.7255,
4.4000,5.8239,-24.7368,89.2610,67.9307,92.1639,78.6934,84.1158,0.7308,
4.4083,5.5735,-23.6399,89.0269,68.7864,91.7860,78.8734,84.1622,0.7359,
4.4167,5.3091,-22.2487,88.7814,69.8016,91.4412,79.0273,84.2013,0.7409,
4.4250,5.0530,-20.6019,88.5285,70.9508,91.1238,79.1668,84.2332,0.7458,
4.4333,4.8199,-18.7575,88.2698,72.2081,90.8282,79.3071,84.2589,0.7506,
4.4417,4.6097,-16.7905,88.0051,73.5482,90.5483,79.4670,84.2808,0.7553,
4.4500,4.4139,-14.7831,87.7333,74.9469,90.2774,79.6652,84.3029,0.7600,
4.4583,4.2251,-12.8071,87.4545,76.3827,90.0089,79.9161,84.3291,0.7647,
4.4667,4.0413,-10.9143,87.1698,77.8377,89.7386,80.2279,84.3620,0.7695,
4.4750,3.8639,-9.1400,86.8820,79.2978,89.4643,80.6037,84.4020,0.7742,
4.4833,3.6959,-7.5117,86.5946,80.7532,89.1855,81.0434,84.4481,0.7790,
4.4917,3.5388,-6.0537,86.3117,82.1971,88.9024,81.5453,84.4983,0.7837,
4.5000,3.3922,-4.7870,86.0371,83.6240,88.6154,82.1060,84.5506,0.7885,
4.5083,3.2538,-3.7220,85.7738,85.0278,88.3249,82.7216,84.6034,0.7932,
4.5167,3.1203,-2.8492,85.5240,86.3978,88.0309,83.3868,84.6558,0.7978,
4.5250,2.9874,-2.1376,85.2893,87.7194,87.7320,84.0954,84.7084,0.8024,
4.5333,2.8501,-1.5439,85.0706,88.9762,87.4258,84.8423,84.7627,0.8070,
4.5417,2.7033,-1.0260,84.8680,90.1536,87.1092,85.6247,84.8214,0.8115,
4.5500,2.5422,-0.5521,84.6808,91.2399,86.7795,86.4418,84.8874,0.8161,
4.5583,2.3629,-0.1018,84.5074,92.2260,86.4350,87.2937,84.9631,0.8208,
4.5667,2.1636,0.3335,84.3462,93.1058,86.0760,88.1802,85.0499,0.8256,
4.5750,1.9450,0.7535,84.1944,93.8769,85.7050,89.0999,85.1470,0.8304,
4.5833,1.7111,1.1527,84.0492,94.5413,85.3264,90.0493,85.2526,0.8353,
4.5917,1.4683,1.5248,83.9075,95.1056,84.9436,91.0222,85.3650,0.8402,
4.6000,1.2241,1.8648,83.7676,95.5803,84.5580,92.0110,85.4836,0.8451,
4.6083,0.9856,2.1693,83.6283,95.9780,84.1699,93.0075,85.6083,0.8501,
4.6167,0.7582,2.4364,83.4890,96.3129,83.7790,94.0035,85.7386,0.8551,
4.6250,0.5461,2.6675,83.3487,96.5990,83.3855,94.9909,85.8739,0.8602,
4.6333,0.3531,2.8684,83.2060,96.8498,82.9892,95.9613,86.0141,0.8652,
4.6417,0.1818,3.0467,83.0587,97.0773,82.5882,96.9055,86.1601,0.8703,
4.6500,0.0322,3.2089,82.9054,97.2912,82.1803,97.8151,86.3141,0.8755,
4.6583,-0.0993,3.3588,82.7447,97.4991,81.7633,98.6828,86.4784,0.8808,
4.6667,-0.2194,3.4999,82.5757,97.7066,81.3371,99.5024,86.6552,0.8862,
4.6750,-0.3363,3.6341,82.3970,97.9175,80.9031,100.2694,86.8454,0.8916,
4.6833,-0.4576,3.7595,82.2059,98.1351,80.4640,100.9809,87.0497,0.8973,
4.6917,-0.5884,3.8719,81.9985,98.3627,80.0236,101.6364,87.2677,0.9030,
4.7000,-0.7301,3.9713,81.7698,98.6041,79.5857,102.2360,87.4988,0.9088,
4.7083,-0.8805,4.0670,81.5146,98.8637,79.1543,102.7801,87.7420,0.9148,
4.7167,-1.0346,4.1758,81.2280,99.1475,78.7332,103.2693,87.9957,0.9208,
4.7250,-1.1868,4.3131,80.9064,99.4621,78.3253,103.7039,88.2579,0.9270,
4.7333,-1.3338,4.4855,80.5479,99.8124,77.9335,104.0827,88.5265,0.9332,
4.7417,-1.4752,4.6974,80.1526,100.2003,77.5596,104.4029,88.7993,0.9395,
4.7500,-1.6135,4.9580,79.7221,100.6272,77.2048,104.6605,89.0742,0.9458,
4.7583,-1.7519,5.2813,79.2587,101.0953,76.8695,104.8518,89.3492,0.9522,
4.7667,-1.8935,5.6810,78.7648,101.6067,76.5524,104.9739,89.6230,0.9587,
4.7750,-2.0399,6.1651,78.2431,102.1623,76.2512,105.0250,89.8952,0.9653,
4.7833,-2.1915,6.7331,77.6963,102.7601,75.9623,105.0048,90.1660,0.9719,
4.7917,-2.3483,7.3745,77.1273,103.3948,75.6812,104.9143,90.4363,0.9786,
4.8000,-2.5112,8.0670,76.5402,104.0579,75.4034,104.7555,90.7068,0.9854,
4.8083,-2.6827,8.7779,75.9395,104.7370,75.1242,104.5310,90.9786,0.9923,
4.8167,-2.8661,9.4738,75.3289,105.4182,74.8392,104.2444,91.2527,0.9993,
4.8250,-3.0631,10.1355,74.7103,106.0873,74.5451,103.9010,91.5304,1.0064,
4.8333,-3.2735,10.7573,74.0832,106.7307,74.2408,103.5071,91.8129,1.0137,
4.8417,-3.4955,11.3342,73.4456,107.3336,73.9274,103.0696,92.1011,1.0211,
4.8500,-3.7274,11.8524,72.7949,107.8804,73.6078,102.5952,92.3952,1.0287,
4.8583,-3.9694,12.2884,72.1281,108.3561,73.2863,102.0899,92.6951,1.0364,
4.8667,-4.2253,12.6094,71.4418,108.7495,72.9683,101.5570,92.9998,1.0442,
4.8750,-4.5031,12.7742,70.7328,109.0546,72.6602,100.9974,93.3083,1.0522,
4.8833,-4.8143,12.7349,69.9969,109.2717,72.3694,100.4101,93.6192,1.0603,
4.8917,-5.1727,12.4468,69.2285,109.4072,72.1042,99.7934,93.9309,1.0686,
4.9000,-5.5917,11.8858,68.4207,109.4732,71.8735,99.1468,94.2419,1.0769,
4.9083,-6.0850,11.0692,67.5655,109.4840,71.6869,98.4732,94.5510,1.0854,
4.9167,-6.6680,10.0641,66.6550,109.4521,71.5545,97.7810,94.8575,1.0939,
4.9250,-7.3606,8.9707,65.6817,109.3834,71.4875,97.0839,95.1607,1.1025,
4.9333,-8.1892,7.8914,64.6389,109.2775,71.4985,96.3970,95.4599,1.1111,
4.9417,-9.1867,6.9047,63.5207,109.1310,71.6008,95.7302,95.7542,1.1197,
4.9500,-10.3895,6.0589,62.3224,108.9409,71.8079,95.0855,96.0425,1.1283,
4.9583,-11.8355,5.3789,61.0418,108.7043,72.1330,94.4587,96.3235,1.1369,
4.9667,-13.5599,4.8714,59.6790,108.4180,72.5883,93.8430,96.5959,1.1455,
4.9750,-15.5900,4.5274,58.2368,108.0816,73.1846,93.2310,96.8581,1.1540,
4.9833,-17.9394,4.3240,56.7214,107.7028,73.9293,92.6148,97.1083,1.1624,
4.9917,-20.6042,4.2306,55.1433,107.3004,74.8245,91.9853,97.3447,1.1708,
5.0000,-23.5611,4.2155,53.5189,106.8985,75.8652,91.3358,97.5654,1.1792,
5.0083,-26.7673,4.2503,51.8716,106.5165,77.0391,90.6671,97.7681,1.1874,
5.0167,-30.1638,4.3105,50.2292,106.1606,78.3284,89.9907,97.9506,1.1955,
5.0250,-33.6864,4.3760,48.6208,105.8251,79.7128,89.3242,98.1099,1.2035,
5.0333,-37.2795,4.4311,47.0729,105.5014,81.1736,88.6826,98.2424,1.2112,
5.0417,-40.9002,4.4653,45.6073,105.1853,82.6954,88.0717,98.3440,1.2188,
5.0500,-44.5102,4.4748,44.2414,104.8792,84.2651,87.4881,98.4113,1.2262,
5.0583,-48.0628,4.4620,42.9898,104.5881,85.8699,86.9237,98.4424,1.2333,
5.0667,-51.4917,4.4346,41.8642,104.3160,87.4962,86.3701,98.4380,1.2401,
5.0750,-54.7012,4.4015,40.8747,104.0640,89.1313,85.8215,98.4008,1.2467,
5.0833,-57.5596,4.3691,40.0299,103.8305,90.7641,85.2746,98.3338,1.2531,
5.0917,-59.9014,4.3411,39.3359,103.6121,92.3863,84.7286,98.2403,1.2594,
5.1000,-61.5563,4.3195,38.7976,103.4050,93.9920,84.1841,98.1232,1.2654,
5.1083,-62.4061,4.3048,38.4181,103.2055,95.5774,83.6433,97.9848,1.2714,
5.1167,-62.4383,4.2965,38.1993,103.0095,97.1395,83.1101,97.8272,1.2772,
5.1250,-61.7522,4.2929,38.1451,102.8122,98.6745,82.5897,97.6529,1.2829,
5.1333,-60.5122,4.2919,38.2634,102.6081,100.1770,82.0885,97.4647,1.2885,
5.1417,-58.8882,4.2904,38.5634,102.3916,101.6402,81.6128,97.2660,1.2940,
5.1500,-57.0179,4.2837,39.0519,102.1574,103.0559,81.1678,97.0607,1.2995,
5.1583,-54.9940,4.2648,39.7305,101.9014,104.4156,80.7568,96.8529,1.3049,
5.1667,-52.8644,4.2269,40.5966,101.6209,105.7106,80.3804,96.6465,1.3104,
5.1750,-50.6388,4.1658,41.6438,101.3141,106.9337,80.0374,96.4445,1.3158,
5.1833,-48.3013,4.0812,42.8628,100.9815,108.0796,79.7250,96.2485,1.3213,
5.1917,-45.8280,3.9750,44.2432,100.6253,109.1451,79.4389,96.0590,1.3269,
5.2000,-43.2079,3.8508,45.7743,100.2495,110.1284,79.1737,95.8757,1.3325,
5.2083,-40.4572,3.7134,47.4478,99.8584,111.0285,78.9237,95.6978,1.3381,
5.2167,-37.6159,3.5681,49.2570,99.4572,111.8455,78.6825,95.5242,1.3439,
5.2250,-34.7296,3.4213,51.1957,99.0506,112.5816,78.4443,95.3527,1.3496,
5.2333,-31.8346,3.2796,53.2554,98.6429,113.2410,78.2038,95.1808,1.3554,
5.2417,-28.9524,3.1500,55.4232,98.2370,113.8288,77.9570,95.0060,1.3612,
5.2500,-26.0926,3.0384,57.6828,97.8358,114.3512,77.7006,94.8257,1.3670,
5.2583,-23.2569,2.9477,60.0189,97.4422,114.8141,77.4321,94.6378,1.3728,
5.2667,-20.4419,2.8754,62.4185,97.0604,115.2230,77.1501,94.4400,1.3786,
5.2750,-17.6406,2.8134,64.8712,96.6943,115.5826,76.8539,94.2308,1.3843,
5.2833,-14.8442,2.7520,67.3665,96.3472,115.8969,76.5431,94.0090,1.3900,
5.2917,-12.0444,2.6842,69.8945,96.0207,116.1686,76.2175,93.7739,1.3956,
5.3000,-9.2363,2.6070,72.4454,95.7148,116.3989,75.8770,93.5256,1.4012,
5.3083,-6.4179,2.5191,75.0116,95.4280,116.5859,75.5222,93.2648,1.4067,
5.3167,-3.5889,2.4191,77.5864,95.1575,116.7258,75.1544,92.9935,1.4121,
5.3250,-0.7537,2.3053,80.1605,94.8992,116.8148,74.7750,92.7147,1.4176,
5.3333,2.0648,2.1788,82.7185,94.6478,116.8507,74.3852,92.4327,1.4231,
5.3417,4.8184,2.0463,85.2373,94.3963,116.8340,73.9862,92.1526,1.4286,
5.3500,7.4485,1.9190,87.6880,94.1366,116.7680,73.5797,91.8796,1.4342,
5.3583,9.9025,1.8055,90.0398,93.8605,116.6600,73.1688,91.6189,1.4399,
5.3667,12.1390,1.7075,92.2617,93.5610,116.5200,72.7578,91.3749,1.4457,
5.3750,14.1293,1.6217,94.3250,93.2323,116.3590,72.3518,91.1511,1.4517,
5.3833,15.8632,1.5416,96.2062,92.8700,116.1861,71.9561,90.9506,1.4578,
5.3917,17.3538,1.4597,97.8873,92.4710,116.0066,71.5756,90.7766,1.4641,
5.4000,18.6346,1.3701,99.3570,92.0334,115.8215,71.2139,90.6319,1.4705,
5.4083,19.7435,1.2705,100.6089,91.5564,115.6277,70.8717,90.5190,1.4771,
5.4167,20.7037,1.1614,101.6403,91.0402,115.4188,70.5475,90.4404,1.4840,
5.4250,21.5140,1.0426,102.4515,90.4868,115.1846,70.2379,90.3989,1.4910,
5.4333,22.1489,0.9093,103.0459,89.9008,114.9138,69.9391,90.3963,1.4983,
5.4417,22.5621,0.7498,103.4300,89.2903,114.5968,69.6486,90.4330,1.5059,
5.4500,22.6943,0.5487,103.6154,88.6644,114.2286,69.3654,90.5067,1.5137,
5.4583,22.4927,0.2954,103.6207,88.0310,113.8094,69.0891,90.6133,1.5218,
5.4667,21.9355,-0.0105,103.4746,87.3947,113.3447,68.8192,90.7469,1.5300,
5.4750,21.0445,-0.3586,103.2168,86.7564,112.8444,68.5554,90.9001,1.5384,
5.4833,19.8701,-0.7301,102.8944,86.1135,112.3227,68.2974,91.0649,1.5470,
5.4917,18.4697,-1.1014,102.5528,85.4618,111.7975,68.0451,91.2331,1.5556,
5.5000,16.9070,-1.4481,102.2220,84.7964,111.2903,67.7980,91.3967,1.5641,
5.5083,15.2649,-1.7498,101.9038,84.1130,110.8252,67.5559,91.5489,1.5727,
5.5167,13.6452,-1.9971,101.5685,83.4085,110.4273,67.3196,91.6838,1.5811,
5.5250,12.1501,-2.2019,101.1646,82.6825,110.1192,67.0932,91.7966,1.5894,
5.5333,10.8601,-2.4037,100.6407,81.9405,109.9165,66.8850,91.8839,1.5977,
5.5417,9.8159,-2.6579,99.9698,81.1929,109.8206,66.7057,91.9430,1.6057,
5.5500,9.0119,-3.0098,99.1623,80.4499,109.8143,66.5635,91.9726,1.6136,
5.5583,8.4053,-3.4790,98.2601,79.7168,109.8654,66.4617,91.9730,1.6214,
5.5667,7.9376,-4.0633,97.3189,78.9935,109.9336,66.3991,91.9469,1.6290,
5.5750,7.5581,-4.7491,96.3911,78.2770,109.9809,66.3720,91.8983,1.6364,
5.5833,7.2358,-5.5199,95.5147,77.5633,109.9775,66.3765,91.8321,1.6436,
5.5917,6.9590,-6.3628,94.7116,76.8494,109.9059,66.4100,91.7531,1.6507,
5.6000,6.7266,-7.2724,93.9901,76.1350,109.7597,66.4712,91.6651,1.6577,
5.6083,6.5382,-8.2501,93.3496,75.4229,109.5420,66.5602,91.5709,1.6645,
5.6167,6.3916,-9.2994,92.7839,74.7179,109.2616,66.6772,91.4723,1.6712,
5.6250,6.2832,-10.4237,92.2832,74.0265,108.9305,66.8216,91.3702,1.6778,
5.6333,6.2101,-11.6260,91.8370,73.3549,108.5602,66.9926,91.2650,1.6842,
5.6417,6.1693,-12.9041,91.4354,72.7061,108.1613,67.1892,91.1566,1.6906,
5.6500,6.1571,-14.2393,91.0702,72.0770,107.7422,67.4081,91.0448,1.6968,
5.6583,6.1695,-15.5942,90.7362,71.4594,107.3090,67.6424,90.9293,1.7029,
5.6667,6.2027,-16.9313,90.4302,70.8459,106.8657,67.8849,90.8101,1.7088,
5.6750,6.2530,-18.2310,90.1515,70.2329,106.4143,68.1328,90.6870,1.7147,
5.6833,6.3164,-19.4919,89.9006,69.6201,105.9556,68.3880,90.5604,1.7205,
5.6917,6.3874,-20.7205,89.6780,69.0086,105.4897,68.6539,90.4309,1.7262,
5.7000,6.4598,-21.9267,89.4834,68.4008,105.0158,68.9326,90.2998,1.7318,
5.7083,6.5281,-23.1217,89.3160,67.7988,104.5324,69.2244,90.1692,1.7373,
5.7167,6.5909,-24.3152,89.1741,67.2041,104.0372,69.5290,90.0419,1.7427,
5.7250,6.6512,-25.5124,89.0560,66.6183,103.5275,69.8452,89.9208,1.7481,
5.7333,6.7146,-26.7113,88.9601,66.0453,103.0019,70.1710,89.8081,1.7534,
5.7417,6.7858,-27.9016,88.8848,65.4923,102.4605,70.5026,89.7052,1.7588,
5.7500,6.8674,-29.0629,88.8282,64.9709,101.9047,70.8354,89.6127,1.7640,
5.7583,6.9578,-30.1636,88.7879,64.4965,101.3373,71.1647,89.5306,1.7693,
5.7667,7.0513,-31.1602,88.7612,64.0886,100.7626,71.4857,89.4579,1.7745,
5.7750,7.1383,-32.0021,88.7447,63.7693,100.1854,71.7938,89.3931,1.7797,
5.7833,7.2037,-32.6424,88.7353,63.5610,99.6109,72.0838,89.3342,1.7848,
5.7917,7.2277,-33.0490,88.7297,63.4838,99.0426,72.3505,89.2792,1.7898,
5.8000,7.1910,-33.2072,88.7258,63.5514,98.4816,72.5882,89.2274,1.7947,
5.8083,7.0864,-33.1144,88.7221,63.7686,97.9268,72.7921,89.1789,1.7995,
5.8167,6.9269,-32.7761,88.7189,64.1313,97.3761,72.9607,89.1345,1.8043,
5.8250,6.7469,-32.2070,88.7178,64.6293,96.8276,73.0981,89.0952,1.8090,
5.8333,6.5949,-31.4277,88.7217,65.2482,96.2796,73.2121,89.0621,1.8137,
5.8417,6.5219,-30.4587,88.7333,65.9707,95.7301,73.3123,89.0368,1.8183,
5.8500,6.5667,-29.3188,88.7543,66.7780,95.1777,73.4076,89.0207,1.8229,
5.8583,6.7423,-28.0262,88.7841,67.6517,94.6228,73.5059,89.0145,1.8275,
5.8667,7.0262,-26.6001,88.8197,68.5752,94.0672,73.6146,89.0178,1.8321,
5.8750,7.3610,-25.0627,88.8558,69.5346,93.5142,73.7406,89.0295,1.8367,
5.8833,7.6719,-23.4414,88.8856,70.5182,92.9679,73.8903,89.0483,1.8413,
5.8917,7.8951,-21.7666,88.9029,71.5173,92.4319,74.0683,89.0726,1.8458,
5.9000,7.9990,-20.0691,88.9030,72.5257,91.9101,74.2774,89.1012,1.8503,
5.9083,7.9860,-18.3777,88.8835,73.5393,91.4058,74.5184,89.1331,1.8548,
5.9167,7.8864,-16.7178,88.8445,74.5562,90.9218,74.7919,89.1676,1.8592,
5.9250,7.7508,-15.1100,88.7889,75.5755,90.4602,75.0978,89.2041,1.8636,
5.9333,7.6264,-13.5701,88.7203,76.5961,90.0230,75.4358,89.2419,1.8679,
5.9417,7.5310,-12.1100,88.6404,77.6161,89.6120,75.8054,89.2805,1.8721,
5.9500,7.4541,-10.7372,88.5485,78.6331,89.2301,76.2061,89.3189,1.8763,
5.9583,7.3772,-9.4567,88.4429,79.6432,88.8803,76.6376,89.3560,1.8804,
5.9667,7.2876,-8.2710,88.3214,80.6419,88.5661,77.1004,89.3908,1.8844,
5.9750,7.1806,-7.1792,88.1826,81.6237,88.2887,77.5956,89.4229,1.8883,
5.9833,7.0572,-6.1767,88.0258,82.5824,88.0469,78.1244,89.4525,1.8921,
5.9917,6.9218,-5.2562,87.8518,83.5111,87.8363,78.6882,89.4810,1.8959,
6.0000,6.7799,-4.4093,87.6623,84.4036,87.6507,79.2883,89.5098,1.8996,
6.0083,6.6363,-3.6285,87.4596,85.2547,87.4840,79.9258,89.5403,1.9032,
6.0167,6.4944,-2.9070,87.2455,86.0607,87.3308,80.6013,89.5736,1.9068,
6.0250,6.3561,-2.2385,87.0209,86.8196,87.1872,81.3147,89.6104,1.9104,
6.0333,6.2218,-1.6174,86.7862,87.5300,87.0500,82.0657,89.6514,1.9140,
6.0417,6.0905,-1.0407,86.5421,88.1904,86.9171,82.8546,89.6969,1.9176,
6.0500,5.9601,-0.5074,86.2901,88.8001,86.7860,83.6817,89.7468,1.9213,
6.0583,5.8276,-0.0166,86.0331,89.3604,86.6545,84.5463,89.8010,1.9249,
6.0667,5.6898,0.4363,85.7744,89.8753,86.5198,85.4444,89.8599,1.9285,
6.0750,5.5440,0.8613,85.5175,90.3506,86.3793,86.3688,89.9240,1.9322,
6.0833,5.3884,1.2699,85.2661,90.7931,86.2317,87.3109,89.9932,1.9358,
6.0917,5.2228,1.6707,85.0227,91.2102,86.0779,88.2621,90.0663,1.9395,
6.1000,5.0491,2.0689,84.7892,91.6100,85.9215,89.2151,90.1406,1.9431,
6.1083,4.8702,2.4646,84.5669,92.0008,85.7674,90.1651,90.2128,1.9468,
6.1167,4.6880,2.8495,84.3565,92.3924,85.6190,91.1098,90.2801,1.9503,
6.1250,4.5022,3.2122,84.1589,92.7951,85.4754,92.0475,90.3423,1.9538,
6.1333,4.3121,3.5479,83.9749,93.2181,85.3294,92.9745,90.4026,1.9573,
6.1417,4.1179,3.8616,83.8046,93.6673,85.1706,93.8846,90.4657,1.9608,
6.1500,3.9235,4.1645,83.6482,94.1448,84.9902,94.7718,90.5355,1.9643,
6.1583,3.7362,4.4693,83.5053,94.6507,84.7827,95.6314,90.6137,1.9679,
6.1667,3.5641,4.7892,83.3763,95.1834,84.5457,96.4604,90.7002,1.9716,
6.1750,3.4119,5.1368,83.2618,95.7414,84.2783,97.2576,90.7942,1.9754,
6.1833,3.2788,5.5235,83.1625,96.3230,83.9805,98.0225,90.8943,1.9792,
6.1917,3.1602,5.9574,83.0785,96.9265,83.6531,98.7552,90.9997,1.9831,
6.2000,3.0511,6.4421,83.0089,97.5516,83.2980,99.4563,91.1096,1.9870,
6.2083,2.9477,6.9734,82.9517,98.1982,82.9181,100.1268,91.2235,1.9910,
6.2167,2.8486,7.5381,82.9046,98.8662,82.5167,100.7677,91.3416,1.9950,
6.2250,2.7557,8.1192,82.8643,99.5565,82.0982,101.3799,91.4639,1.9991,
6.2333,2.6722,8.7015,82.8265,100.2705,81.6675,101.9626,91.5908,2.0032,
6.2417,2.6004,9.2763,82.7861,101.0098,81.2306,102.5130,91.7221,2.0074,
6.2500,2.5388,9.8460,82.7372,101.7738,80.7939,103.0250,91.8578,2.0116,
6.2583,2.4837,10.4262,82.6741,102.5593,80.3641,103.4915,91.9973,2.0159,
6.2667,2.4291,11.0384,82.5911,103.3623,79.9469,103.9056,92.1401,2.0202,
6.2750,2.3684,11.7009,82.4831,104.1806,79.5478,104.2634,92.2851,2.0246,
6.2833,2.2936,12.4200,82.3467,105.0129,79.1716,104.5641,92.4309,2.0290,
6.2917,2.1979,13.1857,82.1794,105.8570,78.8219,104.8096,92.5756,2.0334,
6.3000,2.0773,13.9760,81.9800,106.7084,78.5013,105.0030,92.7174,2.0379,
6.3083,1.9323,14.7670,81.7479,107.5611,78.2107,105.1485,92.8546,2.0424,
6.3167,1.7673,15.5400,81.4834,108.4078,77.9494,105.2509,92.9861,2.0469,
6.3250,1.5895,16.2834,81.1876,109.2400,77.7150,105.3160,93.1115,2.0514,
6.3333,1.4077,16.9909,80.8624,110.0487,77.5039,105.3487,93.2310,2.0560,
6.3417,1.2288,17.6590,80.5103,110.8252,77.3122,105.3536,93.3449,2.0606,
6.3500,1.0556,18.2855,80.1346,111.5606,77.1362,105.3348,93.4543,2.0653,
6.3583,0.8870,18.8677,79.7385,112.2464,76.9723,105.2962,93.5601,2.0700,
6.3667,0.7184,19.4017,79.3259,112.8742,76.8178,105.2412,93.6636,2.0747,
6.3750,0.5439,19.8832,78.9002,113.4355,76.6703,105.1729,93.7660,2.0796,
6.3833,0.3578,20.3098,78.4649,113.9226,76.5277,105.0944,93.8685,2.0845,
6.3917,0.1563,20.6809,78.0230,114.3288,76.3875,105.0077,93.9724,2.0894,
6.4000,-0.0609,20.9943,77.5770,114.6480,76.2467,104.9144,94.0786,2.0945,
6.4083,-0.2892,21.2420,77.1276,114.8748,76.1021,104.8156,94.1882,2.0996,
6.4167,-0.5199,21.4068,76.6742,115.0049,75.9505,104.7113,94.3022,2.1048,
6.4250,-0.7426,21.4666,76.2161,115.0352,75.7890,104.6004,94.4211,2.1101,
6.4333,-0.9495,21.4027,75.7535,114.9648,75.6146,104.4807,94.5457,2.1155,
6.4417,-1.1377,21.2103,75.2866,114.7945,75.4254,104.3495,94.6765,2.1211,
6.4500,-1.3085,20.8982,74.8158,114.5274,75.2209,104.2036,94.8138,2.1267,
6.4583,-1.4663,20.4817,74.3414,114.1685,75.0015,104.0396,94.9581,2.1325,
6.4667,-1.6159,19.9752,73.8633,113.7242,74.7688,103.8533,95.1097,2.1384,
6.4750,-1.7618,19.3879,73.3813,113.2029,74.5251,103.6394,95.2684,2.1444,
6.4833,-1.9081,18.7254,72.8949,112.6156,74.2733,103.3921,95.4340,2.1505,
6.4917,-2.0593,17.9915,72.4027,111.9773,74.0165,103.1056,95.6059,2.1567,
6.5000,-2.2210,17.1912,71.9029,111.3083,73.7581,102.7748,95.7835,2.1631,
6.5083,-2.4005,16.3328,71.3931,110.6357,73.5014,102.3959,95.9659,2.1695,
6.5167,-2.6065,15.4302,70.8702,109.9930,73.2499,101.9669,96.1526,2.1761,
6.5250,-2.8493,14.5027,70.3304,109.4187,73.0070,101.4879,96.3432,2.1828,
6.5333,-3.1424,13.5719,69.7696,108.9513,72.7766,100.9624,96.5375,2.1896,
6.5417,-3.5021,12.6568,69.1827,108.6209,72.5640,100.3961,96.7355,2.1964,
6.5500,-3.9475,11.7724,68.5642,108.4399,72.3755,99.7955,96.9372,2.2034,
6.5583,-4.4978,10.9285,67.9080,108.3966,72.2191,99.1683,97.1422,2.2105,
6.5667,-5.1696,10.1295,67.2068,108.4561,72.1047,98.5239,97.3500,2.2176,
6.5750,-5.9752,9.3813,66.4518,108.5689,72.0438,97.8724,97.5592,2.2248,
6.5833,-6.9232,8.6996,65.6327,108.6848,72.0490,97.2226,97.7684,2.2321,
6.5917,-8.0201,8.1088,64.7395,108.7649,72.1315,96.5791,97.9761,2.2394,
6.6000,-9.2726,7.6286,63.7622,108.7868,72.3028,95.9425,98.1811,2.2467,
6.6083,-10.6875,7.2650,62.6917,108.7436,72.5739,95.3095,98.3822,2.2540,
6.6167,-12.2713,7.0131,61.5203,108.6395,72.9566,94.6755,98.5786,2.2613,
6.6250,-14.0334,6.8635,60.2429,108.4850,73.4626,94.0356,98.7690,2.2686,
6.6333,-15.9880,6.8036,58.8586,108.2939,74.1025,93.3857,98.9524,2.2759,
6.6417,-18.1520,6.8160,57.3737,108.0802,74.8854,92.7242,99.1271,2.2832,
6.6500,-20.5403,6.8777,55.8036,107.8545,75.8159,92.0544,99.2913,2.2903,
6.6583,-23.1639,6.9629,54.1754,107.6207,76.8937,91.3867,99.4427,2.2974,
6.6667,-26.0256,7.0479,52.5245,107.3758,78.1128,90.7372,99.5788,2.3044,
6.6750,-29.1129,7.1154,50.8853,107.1147,79.4619,90.1227,99.6969,2.3112,
6.6833,-32.3951,7.1550,49.2837,106.8349,80.9238,89.5547,99.7947,2.3179,
6.6917,-35.8272,7.1639,47.7366,106.5400,82.4772,89.0360,99.8711,2.3244,
6.7000,-39.3590,7.1471,46.2579,106.2378,84.0980,88.5612,99.9257,2.3308,
6.7083,-42.9397,7.1150,44.8641,105.9371,85.7624,88.1195,99.9592,2.3370,
6.7167,-46.5165,7.0805,43.5742,105.6460,87.4489,87.6973,99.9727,2.3430,
6.7250,-50.0314,7.0554,42.4079,105.3700,89.1394,87.2810,99.9681,2.3488,
6.7333,-53.4215,7.0491,41.3828,105.1133,90.8194,86.8581,99.9476,2.3546,
6.7417,-56.6111,7.0667,40.5134,104.8778,92.4790,86.4192,99.9134,2.3602,
6.7500,-59.4941,7.1084,39.8074,104.6641,94.1130,85.9584,99.8671,2.3656,
6.7583,-61.9227,7.1692,39.2651,104.4709,95.7196,85.4742,99.8094,2.3710,
6.7667,-63.7215,7.2402,38.8794,104.2944,97.2989,84.9703,99.7409,2.3762,
6.7750,-64.7391,7.3112,38.6396,104.1277,98.8494,84.4559,99.6621,2.3813,
6.7833,-64.9082,7.3731,38.5353,103.9610,100.3674,83.9447,99.5748,2.3864,
6.7917,-64.2740,7.4212,38.5625,103.7836,101.8466,83.4529,99.4809,2.3913,
6.8000,-62.9703,7.4532,38.7273,103.5850,103.2786,82.9960,99.3829,2.3962,
6.8083,-61.1695,7.4666,39.0423,103.3575,104.6536,82.5860,99.2833,2.4010,
6.8167,-59.0418,7.4566,39.5196,103.0954,105.9617,82.2302,99.1843,2.4058,
6.8250,-56.7272,7.4188,40.1658,102.7970,107.1947,81.9306,99.0878,2.4106,
6.8333,-54.3206,7.3511,40.9799,102.4636,108.3462,81.6845,98.9947,2.4155,
6.8417,-51.8696,7.2545,41.9541,102.1004,109.4133,81.4851,98.9053,2.4203,
6.8500,-49.3824,7.1321,43.0771,101.7144,110.3961,81.3233,98.8186,2.4251,
6.8583,-46.8438,6.9892,44.3367,101.3144,111.2980,81.1882,98.7325,2.4300,
6.8667,-44.2323,6.8316,45.7219,100.9088,112.1265,81.0689,98.6438,2.4348,
6.8750,-41.5349,6.6652,47.2236,100.5050,112.8908,80.9560,98.5489,2.4396,
6.8833,-38.7551,6.4945,48.8341,100.1089,113.6001,80.8417,98.4454,2.4443,
6.8917,-35.9136,6.3220,50.5476,99.7255,114.2609,80.7203,98.3320,2.4490,
6.9000,-33.0431,6.1485,52.3599,99.3582,114.8774,80.5879,98.2082,2.4536,
6.9083,-30.1811,5.9743,54.2664,99.0102,115.4514,80.4416,98.0743,2.4581,
6.9167,-27.3592,5.8006,56.2592,98.6831,115.9834,80.2799,97.9300,2.4626,
6.9250,-24.5940,5.6296,58.3245,98.3783,116.4719,80.1014,97.7752,2.4670,
6.9333,-21.8843,5.4648,60.4448,98.0977,116.9144,79.9040,97.6101,2.4714,
6.9417,-19.2183,5.3107,62.6061,97.8433,117.3083,79.6846,97.4354,2.4757,
6.9500,-16.5808,5.1722,64.8033,97.6170,117.6506,79.4403,97.2524,2.4799,
6.9583,-13.9563,5.0547,67.0384,97.4193,117.9388,79.1697,97.0626,2.4841,
6.9667,-11.3305,4.9634,69.3150,97.2497,118.1709,78.8724,96.8679,2.4883,
6.9750,-8.6937,4.9009,71.6353,97.1059,118.3454,78.5505,96.6693,2.4925,
6.9833,-6.0466,4.8649,73.9994,96.9847,118.4617,78.2071,96.4673,2.4966,
6.9917,-3.4026,4.8493,76.4050,96.8811,118.5200,77.8471,96.2616,2.5008,
7.0000,-0.7861,4.8475,78.8480,96.7894,118.5212,77.4765,96.0516,2.5049,
7.0083,1.7715,4.8540,81.3233,96.7033,118.4670,77.1016,95.8360,2.5090,
7.0167,4.2399,4.8641,83.8254,96.6162,118.3604,76.7288,95.6144,2.5131,
7.0250,6.5998,4.8739,86.3470,96.5220,118.2052,76.3640,95.3865,2.5172,
7.0333,8.8469,4.8792,88.8760,96.4148,118.0061,76.0125,95.1528,2.5212,
7.0417,10.9897,4.8756,91.3924,96.2902,117.7685,75.6788,94.9144,2.5253,
7.0500,13.0408,4.8595,93.8673,96.1447,117.4988,75.3663,94.6732,2.5293,
7.0583,15.0068,4.8285,96.2667,95.9756,117.2051,75.0769,94.4320,2.5334,
7.0667,16.8870,4.7815,98.5589,95.7814,116.8970,74.8110,94.1942,2.5375,
7.0750,18.6773,4.7183,100.7189,95.5607,116.5834,74.5678,93.9641,2.5417,
7.0833,20.3747,4.6387,102.7262,95.3128,116.2713,74.3458,93.7460,2.5459,
7.0917,21.9765,4.5413,104.5620,95.0371,115.9647,74.1432,93.5439,2.5503,
7.1000,23.4766,4.4240,106.2094,94.7344,115.6638,73.9579,93.3612,2.5548,
7.1083,24.8619,4.2837,107.6550,94.4067,115.3659,73.7878,93.1998,2.5595,
7.1167,26.1117,4.1175,108.8911,94.0574,115.0670,73.6301,93.0605,2.5643,
7.1250,27.2027,3.9232,109.9127,93.6907,114.7640,73.4818,92.9426,2.5693,
7.1333,28.1132,3.7001,110.7140,93.3106,114.4562,73.3402,92.8444,2.5745,
7.1417,28.8226,3.4491,111.2871,92.9205,114.1460,73.2025,92.7637,2.5798,
7.1500,29.3122,3.1733,111.6241,92.5228,113.8386,73.0662,92.6972,2.5853,
7.1583,29.5708,2.8767,111.7209,92.1196,113.5398,72.9289,92.6418,2.5908,
7.1667,29.5987,2.5643,111.5811,91.7135,113.2521,72.7872,92.5947,2.5965,
7.1750,29.4056,2.2409,111.2180,91.3083,112.9729,72.6371,92.5542,2.6023,
7.1833,29.0049,1.9119,110.6533,90.9083,112.6940,72.4737,92.5196,2.6081,
7.1917,28.4093,1.5826,109.9153,90.5180,112.4041,72.2924,92.4907,2.6140,
7.2000,27.6261,1.2578,109.0356,90.1421,112.0911,72.0893,92.4671,2.6200,
7.2083,26.6511,0.9413,108.0495,89.7843,111.7440,71.8618,92.4481,2.6260,
7.2167,25.4676,0.6358,106.9969,89.4480,111.3542,71.6100,92.4327,2.6322,
7.2250,24.0470,0.3435,105.9253,89.1351,110.9164,71.3356,92.4197,2.6383,
7.2333,22.3568,0.0634,104.8894,88.8456,110.4305,71.0427,92.4070,2.6445,
7.2417,20.3776,-0.2106,103.9478,88.5769,109.9037,70.7366,92.3922,2.6507,
7.2500,18.1246,-0.4876,103.1567,88.3243,109.3508,70.4245,92.3715,2.6569,
7.2583,15.6555,-0.7762,102.5589,88.0810,108.7933,70.1155,92.3407,2.6630,
7.2667,13.0660,-1.0838,102.1654,87.8380,108.2584,69.8204,92.2951,2.6691,
7.2750,10.4808,-1.4161,101.9372,87.5858,107.7785,69.5494,92.2297,2.6751,
7.2833,8.0454,-1.7727,101.7845,87.3154,107.3873,69.3099,92.1396,2.6809,
7.2917,5.9045,-2.1421,101.5911,87.0197,107.1135,69.1041,92.0209,2.6867,
7.3000,4.1635,-2.4954,101.2573,86.6932,106.9716,68.9289,91.8710,2.6923,
7.3083,2.8543,-2.7923,100.7357,86.3304,106.9558,68.7770,91.6897,2.6978,
7.3167,1.9355,-2.9959,100.0377,85.9259,107.0419,68.6386,91.4789,2.7032,
7.3250,1.3240,-3.0892,99.2149,85.4752,107.1944,68.5050,91.2422,2.7084,
7.3333,0.9292,-3.0855,98.3315,84.9791,107.3752,68.3723,90.9846,2.7136,
7.3417,0.6715,-3.0364,97.4441,84.4498,107.5495,68.2448,90.7123,2.7187,
7.3500,0.4874,-3.0246,96.5931,83.9129,107.6889,68.1344,90.4322,2.7238,
7.3583,0.3328,-3.1353,95.8039,83.3986,107.7720,68.0550,90.1512,2.7289,
7.3667,0.1829,-3.4270,95.0900,82.9294,107.7849,68.0164,89.8762,2.7339,
7.3750,0.0287,-3.9231,94.4556,82.5141,107.7214,68.0224,89.6123,2.7389,
7.3833,-0.1302,-4.6097,93.8975,82.1464,107.5837,68.0703,89.3632,2.7440,
7.3917,-0.2929,-5.4302,93.4062,81.8071,107.3819,68.1511,89.1297,2.7490,
7.4000,-0.4593,-6.2971,92.9686,81.4717,107.1312,68.2512,88.9104,2.7539,
7.4083,-0.6294,-7.1273,92.5702,81.1213,106.8492,68.3590,88.7023,2.7589,
7.4167,-0.8018,-7.8718,92.1972,80.7479,106.5523,68.4690,88.5018,2.7637,
7.4250,-0.9722,-8.5193,91.8387,80.3514,106.2527,68.5826,88.3056,2.7685,
7.4333,-1.1355,-9.0820,91.4877,79.9363,105.9575,68.7051,88.1114,2.7731,
7.4417,-1.2877,-9.5821,91.1421,79.5094,105.6686,68.8427,87.9178,2.7777,
7.4500,-1.4267,-10.0440,90.8035,79.0784,105.3831,69.0006,87.7243,2.7821,
7.4583,-1.5527,-10.4919,90.4756,78.6512,105.0960,69.1819,87.5316,2.7864,
7.4667,-1.6669,-10.9469,90.1621,78.2353,104.8020,69.3880,87.3403,2.7906,
7.4750,-1.7713,-11.4245,89.8663,77.8368,104.4964,69.6185,87.1517,2.7948,
7.4833,-1.8685,-11.9337,89.5897,77.4597,104.1764,69.8725,86.9673,2.7988,
7.4917,-1.9609,-12.4767,89.3331,77.1056,103.8404,70.1494,86.7882,2.8027,
7.5000,-2.0496,-13.0503,89.0968,76.7743,103.4880,70.4490,86.6153,2.8065,
7.5083,-2.1345,-13.6474,88.8804,76.4648,103.1200,70.7708,86.4490,2.8102,
7.5167,-2.2142,-14.2601,88.6833,76.1774,102.7377,71.1137,86.2891,2.8138,
7.5250,-2.2868,-14.8825,88.5049,75.9142,102.3435,71.4752,86.1355,2.8174,
7.5333,-2.3502,-15.5126,88.3446,75.6792,101.9395,71.8514,85.9875,2.8209,
7.5417,-2.4028,-16.1514,88.2016,75.4770,101.5279,72.2381,85.8443,2.8243,
7.5500,-2.4454,-16.8013,88.0751,75.3118,101.1101,72.6307,85.7051,2.8277,
7.5583,-2.4807,-17.4667,87.9635,75.1876,100.6873,73.0241,85.5696,2.8309,
7.5667,-2.5126,-18.1566,87.8657,75.1086,100.2603,73.4128,85.4379,2.8341,
7.5750,-2.5457,-18.8895,87.7801,75.0808,99.8293,73.7915,85.3105,2.8373,
7.5833,-2.5839,-19.6928,87.7058,75.1105,99.3948,74.1565,85.1873,2.8403,
7.5917,-2.6295,-20.5986,87.6417,75.2032,98.9575,74.5074,85.0686,2.8433,
7.6000,-2.6824,-21.6406,87.5873,75.3616,98.5184,74.8473,84.9540,2.8463,
7.6083,-2.7398,-22.8534,87.5421,75.5862,98.0784,75.1819,84.8436,2.8492,
7.6167,-2.7985,-24.2716,87.5063,75.8734,97.6376,75.5178,84.7376,2.8520,
7.6250,-2.8556,-25.9198,87.4801,76.2159,97.1964,75.8593,84.6365,2.8547,
7.6333,-2.9102,-27.7975,87.4631,76.6011,96.7558,76.2059,84.5404,2.8574,
7.6417,-2.9638,-29.8855,87.4543,77.0154,96.3182,76.5535,84.4490,2.8601,
7.6500,-3.0196,-32.1765,87.4520,77.4485,95.8869,76.8971,84.3624,2.8626,
7.6583,-3.0808,-34.7013,87.4536,77.8960,95.4658,77.2329,84.2811,2.8651,
7.6667,-3.1497,-37.5262,87.4568,78.3560,95.0572,77.5587,84.2065,2.8675,
7.6750,-3.2253,-40.7385,87.4593,78.8252,94.6617,77.8734,84.1412,2.8698,
7.6833,-3.3025,-44.4260,87.4595,79.2977,94.2780,78.1767,84.0875,2.8720,
7.6917,-3.3744,-48.6653,87.4560,79.7653,93.9048,78.4701,84.0460,2.8742,
7.7000,-3.4352,-53.5152,87.4474,80.2199,93.5420,78.7565,84.0154,2.8763,
7.7083,-3.4826,-59.0274,87.4325,80.6565,93.1903,79.0399,83.9945,2.8784,
7.7167,-3.5189,-65.2239,87.4095,81.0768,92.8511,79.3237,83.9826,2.8805,
7.7250,-3.5484,-71.9893,87.3772,81.4883,92.5255,79.6086,83.9796,2.8825,
7.7333,-3.5757,-78.9526,87.3346,81.8993,92.2147,79.8911,83.9861,2.8845,
7.7417,-3.6033,-85.5297,87.2811,82.3125,91.9191,80.1661,84.0029,2.8865,
7.7500,-3.6321,-91.1419,87.2171,82.7240,91.6393,80.4300,84.0312,2.8884,
7.7583,-3.6610,-95.3883,87.1434,83.1267,91.3759,80.6815,84.0716,2.8903,
7.7667,-3.6883,-98.0627,87.0612,83.5134,91.1308,80.9211,84.1240,2.8922,
7.7750,-3.7123,-99.0765,86.9715,83.8795,90.9072,81.1511,84.1873,2.8940,
7.7833,-3.7327,-98.3776,86.8749,84.2236,90.7091,81.3745,84.2589,2.8957,
7.7917,-3.7513,-95.9204,86.7714,84.5473,90.5406,81.5955,84.3360,2.8974,
7.8000,-3.7702,-91.7228,86.6610,84.8545,90.4036,81.8185,84.4168,2.8989,
7.8083,-3.7909,-86.0152,86.5442,85.1494,90.2962,82.0476,84.5013,2.9002,
7.8167,-3.8141,-79.3990,86.4218,85.4344,90.2125,82.2852,84.5921,2.9015,
7.8250,-3.8391,-72.8054,86.2953,85.7078,90.1444,82.5313,84.6934,2.9027,
7.8333,-3.8643,-67.1335,86.1667,85.9618,90.0827,82.7839,84.8104,2.9039,
7.8417,-3.8882,-62.9191,86.0383,86.1842,90.0196,83.0399,84.9474,2.9051,
7.8500,-3.9105,-60.3721,85.9120,86.3646,89.9511,83.2970,85.1068,2.9063,
7.8583,-3.9307,-59.6720,85.7896,86.4983,89.8770,83.5554,85.2884,2.9076,
7.8667,-3.9478,-61.3038,85.6722,86.5857,89.7990,83.8166,85.4908,2.9088,
7.8750,-3.9603,-66.5346,85.5611,86.6320,89.7185,84.0821,85.7122,2.9101,
7.8833,-3.9675,-78.2661,85.4584,86.6465,89.6356,84.3521,85.9501,2.9113,
7.8917,-3.9691,-100.8772,85.3662,86.6432,89.5493,84.6256,86.2021,2.9125,
7.9000,-3.9659,-130.2501,85.2860,86.6406,89.4577,84.9006,86.4667,2.9137,
7.9083,-3.9593,-151.3523,85.2181,86.6548,89.3599,85.1751,86.7426,2.9148,
7.9167,-3.9513,-162.5338,85.1620,86.6950,89.2556,85.4475,87.0289,2.9160,
7.9250,-3.9432,-168.4549,85.1160,86.7614,89.1469,85.7183,87.3235,2.9171,
7.9333,-3.9350,-171.9331,85.0781,86.8472,89.0381,85.9907,87.6232,2.9181,
7.9417,-3.9242,-174.2581,85.0464,86.9418,88.9350,86.2699,87.9242,2.9191,
7.9500,-3.9083,-175.9870,85.0183,87.0324,88.8433,86.5608,88.2240,2.9199,
7.9583,-3.8869,-177.3284,84.9915,87.1071,88.7669,86.8667,88.5212,2.9205,
7.9667,-3.8618,-178.3454,84.9633,87.1550,88.7091,87.1878,88.8161,2.9211,
7.9750,-3.8348,-179.0676,84.9314,87.1685,88.6715,87.5219,89.1095,2.9214,
7.9833,-3.8064,-179.5348,84.8941,87.1433,88.6546,87.8652,89.4026,2.9217,
7.9917,-3.7765,-179.8007,84.8507,87.0793,88.6571,88.2123,89.6967,2.9219,
8.0000,-3.7453,-179.9226,84.8014,86.9819,88.6762,88.5563,89.9925,2.9220,
8.0083,-3.7130,-179.9485,84.7474,86.8622,88.7077,88.8894,90.2894,2.9220,
8.0167,-3.6801,-179.9095,84.6909,86.7341,88.7471,89.2042,90.5841,2.9221,
8.0250,-3.6471,-179.8309,84.6342,86.6097,88.7904,89.4950,90.8700,2.9221,
8.0333,-3.6153,-179.7486,84.5798,86.4960,88.8342,89.7583,91.1376,2.9222,
