time,Rfoot,Lfoot,Rshank,Lshank,Rthigh,Lthigh,trunk,
0.0083,-0.2918,-0.4025,90.5128,88.6651,105.7131,118.2134,69.1491,
0.0167,-0.2992,-0.3932,90.5313,88.8251,105.7074,118.1029,69.1509,
0.0250,-0.3024,-0.3852,90.5484,88.9703,105.7015,118.0013,69.1524,
0.0333,-0.2994,-0.3799,90.5619,89.0887,105.6958,117.9170,69.1530,
0.0417,-0.2906,-0.3770,90.5699,89.1699,105.6913,117.8567,69.1527,
0.0500,-0.2783,-0.3748,90.5713,89.2111,105.6886,117.8225,69.1516,
0.0583,-0.2651,-0.3724,90.5669,89.2192,105.6877,117.8097,69.1501,
0.0667,-0.2532,-0.3703,90.5579,89.2056,105.6885,117.8108,69.1486,
0.0750,-0.2437,-0.3690,90.5459,89.1811,105.6903,117.8187,69.1473,
0.0833,-0.2368,-0.3686,90.5323,89.1533,105.6926,117.8285,69.1462,
0.0917,-0.2318,-0.3693,90.5179,89.1273,105.6947,117.8367,69.1456,
0.1000,-0.2285,-0.3715,90.5038,89.1058,105.6961,117.8416,69.1452,
0.1083,-0.2266,-0.3750,90.4903,89.0901,105.6963,117.8426,69.1452,
0.1167,-0.2264,-0.3796,90.4780,89.0803,105.6949,117.8398,69.1455,
0.1250,-0.2274,-0.3847,90.4669,89.0760,105.6917,117.8334,69.1462,
0.1333,-0.2288,-0.3897,90.4570,89.0764,105.6866,117.8241,69.1472,
0.1417,-0.2297,-0.3945,90.4481,89.0805,105.6798,117.8127,69.1484,
0.1500,-0.2298,-0.3991,90.4400,89.0870,105.6713,117.7997,69.1497,
0.1583,-0.2289,-0.4035,90.4325,89.0944,105.6615,117.7859,69.1510,
0.1667,-0.2270,-0.4076,90.4255,89.1020,105.6507,117.7713,69.1519,
0.1750,-0.2240,-0.4112,90.4188,89.1091,105.6393,117.7563,69.1523,
0.1833,-0.2206,-0.4141,90.4118,89.1157,105.6277,117.7409,69.1520,
0.1917,-0.2186,-0.4160,90.4043,89.1218,105.6162,117.7247,69.1511,
0.2000,-0.2194,-0.4167,90.3958,89.1276,105.6051,117.7077,69.1497,
0.2083,-0.2238,-0.4157,90.3858,89.1331,105.5946,117.6897,69.1480,
0.2167,-0.2315,-0.4131,90.3740,89.1386,105.5850,117.6708,69.1461,
0.2250,-0.2417,-0.4094,90.3602,89.1443,105.5764,117.6509,69.1441,
0.2333,-0.2528,-0.4055,90.3444,89.1501,105.5690,117.6303,69.1420,
0.2417,-0.2638,-0.4022,90.3266,89.1557,105.5628,117.6091,69.1399,
0.2500,-0.2737,-0.4003,90.3068,89.1606,105.5577,117.5880,69.1379,
0.2583,-0.2819,-0.4000,90.2852,89.1640,105.5537,117.5672,69.1360,
0.2667,-0.2884,-0.4011,90.2618,89.1653,105.5508,117.5473,69.1343,
0.2750,-0.2936,-0.4026,90.2365,89.1642,105.5489,117.5286,69.1327,
0.2833,-0.2982,-0.4036,90.2097,89.1604,105.5478,117.5109,69.1312,
0.2917,-0.3020,-0.4033,90.1813,89.1539,105.5470,117.4942,69.1297,
0.3000,-0.3040,-0.4018,90.1510,89.1450,105.5468,117.4782,69.1279,
0.3083,-0.3027,-0.3993,90.1178,89.1344,105.5475,117.4625,69.1256,
0.3167,-0.2974,-0.3959,90.0804,89.1223,105.5500,117.4466,69.1226,
0.3250,-0.2885,-0.3915,90.0366,89.1092,105.5557,117.4301,69.1186,
0.3333,-0.2768,-0.3856,89.9841,89.0953,105.5665,117.4129,69.1133,
0.3417,-0.2631,-0.3780,89.9206,89.0811,105.5840,117.3946,69.1063,
0.3500,-0.2479,-0.3690,89.8444,89.0667,105.6100,117.3751,69.0975,
0.3583,-0.2324,-0.3589,89.7540,89.0521,105.6459,117.3543,69.0868,
0.3667,-0.2190,-0.3484,89.6486,89.0373,105.6930,117.3323,69.0741,
0.3750,-0.2115,-0.3380,89.5273,89.0217,105.7523,117.3091,69.0593,
0.3833,-0.2135,-0.3280,89.3895,89.0049,105.8247,117.2849,69.0425,
0.3917,-0.2265,-0.3189,89.2350,88.9870,105.9104,117.2599,69.0239,
0.4000,-0.2480,-0.3109,89.0635,88.9686,106.0094,117.2342,69.0034,
0.4083,-0.2736,-0.3041,88.8750,88.9505,106.1214,117.2080,68.9814,
0.4167,-0.3001,-0.2982,88.6696,88.9336,106.2455,117.1813,68.9578,
0.4250,-0.3261,-0.2934,88.4476,88.9181,106.3811,117.1540,68.9324,
0.4333,-0.3496,-0.2896,88.2092,88.9038,106.5274,117.1263,68.9052,
0.4417,-0.3679,-0.2871,87.9543,88.8903,106.6844,117.0980,68.8757,
0.4500,-0.3797,-0.2860,87.6820,88.8766,106.8522,117.0695,68.8438,
0.4583,-0.3857,-0.2866,87.3914,88.8623,107.0315,117.0408,68.8093,
0.4667,-0.3882,-0.2888,87.0810,88.8467,107.2233,117.0120,68.7720,
0.4750,-0.3893,-0.2930,86.7494,88.8298,107.4285,116.9834,68.7321,
0.4833,-0.3906,-0.2994,86.3962,88.8113,107.6470,116.9554,68.6897,
0.4917,-0.3928,-0.3084,86.0225,88.7912,107.8773,116.9281,68.6453,
0.5000,-0.3975,-0.3206,85.6323,88.7692,108.1159,116.9018,68.5990,
0.5083,-0.4069,-0.3365,85.2326,88.7451,108.3570,116.8768,68.5511,
0.5167,-0.4239,-0.3568,84.8330,88.7185,108.5933,116.8536,68.5017,
0.5250,-0.4495,-0.3819,84.4439,88.6885,108.8174,116.8326,68.4510,
0.5333,-0.4830,-0.4123,84.0747,88.6541,109.0229,116.8144,68.3991,
0.5417,-0.5212,-0.4486,83.7333,88.6148,109.2052,116.7994,68.3460,
0.5500,-0.5597,-0.4911,83.4249,88.5702,109.3618,116.7875,68.2916,
0.5583,-0.5965,-0.5402,83.1523,88.5200,109.4923,116.7788,68.2358,
0.5667,-0.6337,-0.5959,82.9156,88.4638,109.5976,116.7736,68.1780,
0.5750,-0.6735,-0.6585,82.7128,88.4007,109.6794,116.7723,68.1177,
0.5833,-0.7137,-0.7279,82.5394,88.3306,109.7403,116.7750,68.0542,
0.5917,-0.7505,-0.8043,82.3892,88.2540,109.7832,116.7817,67.9866,
0.6000,-0.7811,-0.8876,82.2546,88.1719,109.8115,116.7916,67.9138,
0.6083,-0.8030,-0.9770,82.1281,88.0856,109.8282,116.8039,67.8348,
0.6167,-0.8125,-1.0717,82.0050,87.9949,109.8363,116.8185,67.7487,
0.6250,-0.8066,-1.1724,81.8839,87.8978,109.8378,116.8363,67.6549,
0.6333,-0.7844,-1.2811,81.7652,87.7920,109.8348,116.8588,67.5537,
0.6417,-0.7474,-1.4021,81.6491,87.6751,109.8294,116.8884,67.4462,
0.6500,-0.6989,-1.5411,81.5340,87.5453,109.8236,116.9272,67.3346,
0.6583,-0.6432,-1.7056,81.4188,87.4008,109.8183,116.9777,67.2212,
0.6667,-0.5856,-1.9031,81.3052,87.2388,109.8117,117.0426,67.1075,
0.6750,-0.5306,-2.1398,81.2004,87.0558,109.7982,117.1249,66.9941,
0.6833,-0.4817,-2.4188,81.1182,86.8492,109.7679,117.2266,66.8809,
0.6917,-0.4405,-2.7382,81.0758,86.6198,109.7097,117.3478,66.7673,
0.7000,-0.4065,-3.0925,81.0871,86.3721,109.6145,117.4863,66.6529,
0.7083,-0.3778,-3.4756,81.1595,86.1126,109.4779,117.6383,66.5372,
0.7167,-0.3523,-3.8821,81.2933,85.8452,109.2994,117.8010,66.4202,
0.7250,-0.3279,-4.3087,81.4815,85.5691,109.0830,117.9733,66.3019,
0.7333,-0.3025,-4.7542,81.7104,85.2799,108.8372,118.1561,66.1823,
0.7417,-0.2740,-5.2189,81.9620,84.9722,108.5732,118.3508,66.0617,
0.7500,-0.2402,-5.7038,82.2187,84.6426,108.3022,118.5586,65.9402,
0.7583,-0.1996,-6.2099,82.4649,84.2896,108.0340,118.7800,65.8181,
0.7667,-0.1519,-6.7372,82.6889,83.9117,107.7765,119.0160,65.6955,
0.7750,-0.0976,-7.2831,82.8830,83.5062,107.5349,119.2687,65.5723,
0.7833,-0.0373,-7.8382,83.0452,83.0696,107.3116,119.5413,65.4483,
0.7917,0.0281,-8.3845,83.1792,82.5993,107.1051,119.8378,65.3229,
0.8000,0.0979,-8.8952,83.2939,82.0946,106.9106,120.1613,65.1954,
0.8083,0.1710,-9.3387,83.4023,81.5597,106.7193,120.5126,65.0652,
0.8167,0.2445,-9.6853,83.5167,81.0059,106.5221,120.8887,64.9319,
0.8250,0.3133,-9.9132,83.6439,80.4525,106.3132,121.2818,64.7957,
0.8333,0.3711,-10.0108,83.7838,79.9249,106.0912,121.6820,64.6571,
0.8417,0.4133,-9.9740,83.9342,79.4505,105.8574,122.0797,64.5178,
0.8500,0.4381,-9.8022,84.0932,79.0565,105.6133,122.4659,64.3797,
0.8583,0.4477,-9.4904,84.2601,78.7691,105.3596,122.8326,64.2454,
0.8667,0.4461,-9.0225,84.4357,78.6138,105.0962,123.1724,64.1164,
0.8750,0.4378,-8.3759,84.6218,78.6137,104.8220,123.4793,63.9935,
0.8833,0.4258,-7.5375,84.8194,78.7862,104.5366,123.7488,63.8768,
0.8917,0.4096,-6.5133,85.0267,79.1412,104.2415,123.9790,63.7664,
0.9000,0.3856,-5.3234,85.2358,79.6804,103.9421,124.1710,63.6627,
0.9083,0.3524,-3.9927,85.4341,80.3976,103.6471,124.3286,63.5668,
0.9167,0.3146,-2.5477,85.6078,81.2781,103.3655,124.4580,63.4803,
0.9250,0.2797,-1.0166,85.7464,82.2974,103.1034,124.5675,63.4053,
0.9333,0.2527,0.5700,85.8455,83.4215,102.8636,124.6674,63.3427,
0.9417,0.2347,2.1768,85.9057,84.6101,102.6458,124.7682,63.2925,
0.9500,0.2250,3.7656,85.9315,85.8267,102.4478,124.8787,63.2535,
0.9583,0.2235,5.2992,85.9292,87.0481,102.2660,125.0042,63.2243,
0.9667,0.2299,6.7463,85.9053,88.2644,102.0962,125.1464,63.2030,
0.9750,0.2424,8.0856,85.8652,89.4721,101.9351,125.3051,63.1881,
0.9833,0.2580,9.3112,85.8131,90.6684,101.7796,125.4786,63.1781,
0.9917,0.2756,10.4370,85.7512,91.8504,101.6280,125.6647,63.1717,
1.0000,0.2965,11.4930,85.6801,93.0155,101.4795,125.8606,63.1683,
1.0083,0.3231,12.5118,85.5992,94.1608,101.3343,126.0634,63.1670,
1.0167,0.3573,13.5138,85.5060,95.2793,101.1936,126.2705,63.1678,
1.0250,0.3998,14.5024,85.3981,96.3588,101.0594,126.4798,63.1704,
1.0333,0.4493,15.4697,85.2724,97.3882,100.9336,126.6890,63.1749,
1.0417,0.5022,16.4035,85.1271,98.3632,100.8184,126.8958,63.1815,
1.0500,0.5538,17.2925,84.9624,99.2845,100.7150,127.0990,63.1906,
1.0583,0.5989,18.1257,84.7811,100.1522,100.6227,127.2998,63.2032,
1.0667,0.6339,18.8941,84.5896,100.9637,100.5385,127.5012,63.2208,
1.0750,0.6579,19.5945,84.3974,101.7141,100.4551,127.7054,63.2452,
1.0833,0.6716,20.2317,84.2160,102.4000,100.3629,127.9124,63.2790,
1.0917,0.6747,20.8177,84.0553,103.0225,100.2530,128.1193,63.3246,
1.1000,0.6663,21.3714,83.9203,103.5863,100.1195,128.3220,63.3842,
1.1083,0.6468,21.9152,83.8092,104.0976,99.9603,128.5164,63.4585,
1.1167,0.6181,22.4649,83.7136,104.5645,99.7771,128.6987,63.5467,
1.1250,0.5828,23.0208,83.6216,104.9975,99.5736,128.8641,63.6464,
1.1333,0.5429,23.5722,83.5234,105.4097,99.3521,129.0074,63.7562,
1.1417,0.4988,24.1085,83.4136,105.8141,99.1123,129.1234,63.8752,
1.1500,0.4500,24.6219,83.2908,106.2163,98.8535,129.2097,64.0023,
1.1583,0.3955,25.1029,83.1551,106.6096,98.5769,129.2682,64.1354,
1.1667,0.3335,25.5389,83.0060,106.9754,98.2876,129.3048,64.2719,
1.1750,0.2621,25.9197,82.8419,107.2937,97.9932,129.3259,64.4098,
1.1833,0.1790,26.2402,82.6611,107.5521,97.7008,129.3357,64.5487,
1.1917,0.0822,26.4965,82.4622,107.7479,97.4156,129.3354,64.6891,
1.2000,-0.0293,26.6785,82.2452,107.8843,97.1404,129.3245,64.8313,
1.2083,-0.1548,26.7683,82.0113,107.9659,96.8760,129.3019,64.9751,
1.2167,-0.2921,26.7405,81.7622,107.9966,96.6216,129.2664,65.1198,
1.2250,-0.4372,26.5651,81.5006,107.9785,96.3754,129.2180,65.2645,
1.2333,-0.5861,26.2144,81.2297,107.9126,96.1350,129.1579,65.4078,
1.2417,-0.7357,25.6767,80.9526,107.8010,95.8980,129.0881,65.5481,
1.2500,-0.8850,24.9663,80.6709,107.6502,95.6633,129.0115,65.6838,
1.2583,-1.0350,24.1169,80.3837,107.4715,95.4325,128.9308,65.8134,
1.2667,-1.1883,23.1664,80.0863,107.2796,95.2103,128.8485,65.9355,
1.2750,-1.3483,22.1467,79.7713,107.0872,95.0037,128.7675,66.0492,
1.2833,-1.5193,21.0825,79.4299,106.9001,94.8207,128.6905,66.1540,
1.2917,-1.7060,19.9956,79.0551,106.7156,94.6678,128.6206,66.2494,
1.3000,-1.9135,18.9080,78.6457,106.5263,94.5464,128.5595,66.3355,
1.3083,-2.1477,17.8418,78.2078,106.3243,94.4517,128.5074,66.4126,
1.3167,-2.4160,16.8155,77.7528,106.1045,94.3752,128.4628,66.4813,
1.3250,-2.7259,15.8400,77.2899,105.8650,94.3101,128.4228,66.5427,
1.3333,-3.0824,14.9192,76.8227,105.6076,72.5307,95.3561,95.6647,
1.3417,-3.4878,14.0534,76.3499,105.3363,72.5135,95.2351,95.7497,
1.3500,-3.9428,13.2421,75.8679,105.0558,72.5135,95.1019,95.8206,
1.3583,-4.4495,12.4849,75.3748,104.7695,72.5277,94.9582,95.8818,
1.3667,-5.0136,11.7819,74.8726,104.4791,72.5550,94.8049,95.9381,
1.3750,-5.6419,11.1329,74.3651,104.1836,72.5957,94.6425,95.9938,
1.3833,-6.3381,10.5364,73.8531,103.8807,72.6517,94.4725,96.0521,
1.3917,-7.1008,9.9902,73.3333,103.5689,72.7259,94.2962,96.1143,
1.4000,-7.9240,9.4916,72.8000,103.2482,72.8207,94.1150,96.1802,
1.4083,-8.7997,9.0373,72.2483,102.9194,72.9377,93.9300,96.2485,
1.4167,-9.7195,8.6225,71.6746,102.5830,73.0776,93.7425,96.3172,
1.4250,-10.6793,8.2396,71.0762,102.2396,73.2406,93.5539,96.3840,
1.4333,-11.6810,7.8796,70.4501,101.8909,73.4277,93.3650,96.4468,
1.4417,-12.7309,7.5356,69.7923,101.5402,73.6412,93.1753,96.5058,
1.4500,-13.8355,7.2080,69.0998,101.1918,73.8843,92.9837,96.5637,
1.4583,-15.0000,6.9077,68.3711,100.8494,74.1606,92.7894,96.6248,
1.4667,-16.2295,6.6534,67.6059,100.5156,74.4743,92.5918,96.6931,
1.4750,-17.5295,6.4604,66.8041,100.1910,74.8304,92.3913,96.7706,
1.4833,-18.9075,6.3333,65.9657,99.8752,75.2344,92.1887,96.8570,
1.4917,-20.3735,6.2656,65.0919,99.5666,75.6902,91.9850,96.9500,
1.5000,-21.9402,6.2450,64.1861,99.2628,76.1994,91.7815,97.0465,
1.5083,-23.6183,6.2575,63.2538,98.9608,76.7618,91.5788,97.1434,
1.5167,-25.4114,6.2899,62.3008,98.6581,77.3759,91.3772,97.2389,
1.5250,-27.3141,6.3317,61.3327,98.3534,78.0386,91.1762,97.3314,
1.5333,-29.3118,6.3765,60.3534,98.0472,78.7466,90.9747,97.4201,
1.5417,-31.3855,6.4209,59.3672,97.7411,79.4973,90.7714,97.5044,
1.5500,-33.5197,6.4633,58.3797,97.4372,80.2893,90.5659,97.5839,
1.5583,-35.7099,6.5053,57.4001,97.1396,81.1218,90.3579,97.6581,
1.5667,-37.9664,6.5524,56.4404,96.8547,81.9927,90.1472,97.7263,
1.5750,-40.3080,6.6123,55.5141,96.5900,82.8989,89.9331,97.7875,
1.5833,-42.7519,6.6890,54.6347,96.3488,83.8365,89.7163,97.8415,
1.5917,-45.3065,6.7798,53.8144,96.1281,84.8009,89.4989,97.8876,
1.6000,-47.9648,6.8777,53.0641,95.9204,85.7868,89.2843,97.9259,
1.6083,-50.6958,6.9749,52.3921,95.7171,86.7881,89.0754,97.9562,
1.6167,-53.4355,7.0642,51.8041,95.5108,87.7976,88.8744,97.9789,
1.6250,-56.0783,7.1391,51.3053,95.2961,88.8054,88.6827,97.9943,
1.6333,-58.4752,7.1933,50.9023,95.0707,89.7981,88.5009,98.0027,
1.6417,-60.4592,7.2199,50.6014,94.8348,90.7619,88.3293,98.0041,
1.6500,-61.8925,7.2107,50.4040,94.5910,91.6876,88.1676,97.9989,
1.6583,-62.7008,7.1571,50.3044,94.3432,92.5738,88.0146,97.9873,
1.6667,-62.8775,7.0514,50.2926,94.0953,93.4250,87.8691,97.9697,
1.6750,-62.4686,6.8911,50.3608,93.8505,94.2470,87.7289,97.9467,
1.6833,-61.5528,6.6851,50.5113,93.6116,95.0411,87.5916,97.9188,
1.6917,-60.2228,6.4567,50.7578,93.3804,95.8028,87.4543,97.8862,
1.7000,-58.5700,6.2348,51.1152,93.1576,96.5269,87.3146,97.8495,
1.7083,-56.6787,6.0404,51.5876,92.9429,97.2127,87.1714,97.8092,
1.7167,-54.6266,5.8796,52.1693,92.7347,97.8628,87.0249,97.7661,
1.7250,-52.4771,5.7472,52.8545,92.5314,98.4792,86.8758,97.7209,
1.7333,-50.2613,5.6314,53.6414,92.3311,99.0623,86.7245,97.6740,
1.7417,-47.9749,5.5179,54.5276,92.1317,99.6123,86.5719,97.6257,
1.7500,-45.5914,5.3933,55.5072,91.9301,100.1277,86.4189,97.5761,
1.7583,-43.0859,5.2493,56.5733,91.7234,100.6050,86.2671,97.5250,
1.7667,-40.4566,5.0871,57.7222,91.5096,101.0391,86.1173,97.4723,
1.7750,-37.7326,4.9166,58.9559,91.2893,101.4267,85.9695,97.4174,
1.7833,-34.9605,4.7505,60.2807,91.0644,101.7666,85.8227,97.3599,
1.7917,-32.1846,4.5964,61.7023,90.8365,102.0604,85.6760,97.2989,
1.8000,-29.4367,4.4548,63.2190,90.6056,102.3121,85.5294,97.2337,
1.8083,-26.7365,4.3228,64.8180,90.3695,102.5276,85.3838,97.1630,
1.8167,-24.0945,4.1970,66.4808,90.1252,102.7130,85.2408,97.0855,
1.8250,-21.5175,4.0755,68.1928,89.8705,102.8727,85.1022,96.9994,
1.8333,-19.0115,3.9574,69.9451,89.6057,103.0083,84.9690,96.9027,
1.8417,-16.5814,3.8435,71.7319,89.3372,103.1197,84.8415,96.7930,
1.8500,-14.2266,3.7370,73.5458,89.0775,103.2065,84.7187,96.6681,
1.8583,-11.9406,3.6423,75.3767,88.8408,103.2696,84.5989,96.5257,
1.8667,-9.7172,3.5607,77.2152,88.6342,103.3105,84.4816,96.3644,
1.8750,-7.5594,3.4902,79.0580,88.4551,103.3305,84.3673,96.1841,
1.8833,-5.4842,3.4267,80.9066,88.2951,103.3307,84.2565,95.9866,
1.8917,-3.5177,3.3665,82.7620,88.1442,103.3116,84.1483,95.7762,
1.9000,-1.6818,3.3071,84.6217,87.9934,103.2720,84.0402,95.5592,
1.9083,0.0190,3.2471,86.4800,87.8356,103.2086,83.9284,95.3442,
1.9167,1.5995,3.1861,88.3279,87.6663,103.1159,83.8078,95.1407,
1.9250,3.0861,3.1243,90.1540,87.4832,102.9879,83.6730,94.9585,
1.9333,4.5087,3.0627,91.9437,87.2863,102.8192,83.5185,94.8077,
1.9417,5.8943,3.0024,93.6805,87.0773,102.6053,83.3393,94.6975,
1.9500,7.2619,2.9434,95.3477,86.8590,102.3420,83.1313,94.6357,
1.9583,8.6133,2.8840,96.9298,86.6351,102.0262,82.8914,94.6282,
1.9667,9.9271,2.8208,98.4115,86.4094,101.6569,82.6184,94.6776,
1.9750,11.1686,2.7504,99.7782,86.1852,101.2367,82.3127,94.7829,
1.9833,12.3090,2.6701,101.0179,85.9640,100.7706,81.9780,94.9388,
1.9917,13.3302,2.5788,102.1224,85.7444,100.2656,81.6203,95.1366,
2.0000,14.2192,2.4768,103.0853,85.5231,99.7305,81.2482,95.3651,
2.0083,14.9654,2.3655,103.9018,85.2959,99.1754,80.8708,95.6110,
2.0167,15.5622,2.2471,104.5685,85.0596,98.6114,80.4966,95.8608,
2.0250,16.0071,2.1234,105.0843,84.8126,98.0493,80.1326,96.1019,
2.0333,16.2993,1.9958,105.4515,84.5551,97.4990,79.7842,96.3232,
2.0417,16.4382,1.8653,105.6770,84.2875,96.9684,79.4556,96.5168,
2.0500,16.4281,1.7324,105.7746,84.0109,96.4621,79.1487,96.6774,
2.0583,16.2853,1.5958,105.7660,83.7272,95.9812,78.8636,96.8021,
2.0667,16.0431,1.4525,105.6794,83.4391,95.5237,78.5989,96.8902,
2.0750,15.7429,1.2984,105.5456,83.1498,95.0858,78.3521,96.9427,
2.0833,15.4166,1.1298,105.3927,82.8625,94.6646,78.1208,96.9621,
2.0917,15.0730,0.9448,105.2406,82.5792,94.2598,77.9028,96.9519,
2.1000,14.7019,0.7457,105.0961,82.3006,93.8752,77.6962,96.9163,
2.1083,14.2871,0.5397,104.9538,82.0258,93.5177,77.5001,96.8593,
2.1167,13.8173,0.3394,104.8011,81.7525,93.1941,77.3140,96.7849,
2.1250,13.2875,0.1601,104.6258,81.4776,92.9089,77.1378,96.6968,
2.1333,12.6973,0.0169,104.4199,81.1976,92.6628,76.9720,96.5980,
2.1417,12.0503,-0.0803,104.1813,80.9092,92.4533,76.8169,96.4911,
2.1500,11.3531,-0.1348,103.9130,80.6109,92.2755,76.6727,96.3777,
2.1583,10.6132,-0.1687,103.6201,80.3038,92.1235,76.5381,96.2594,
2.1667,9.8371,-0.2167,103.3075,79.9914,91.9924,76.4106,96.1379,
2.1750,9.0313,-0.3127,102.9785,79.6775,91.8775,76.2869,96.0154,
2.1833,8.2026,-0.4780,102.6358,79.3654,91.7747,76.1632,95.8943,
2.1917,7.3584,-0.7207,102.2808,79.0575,91.6806,76.0358,95.7768,
2.2000,6.5076,-1.0384,101.9142,78.7548,91.5927,75.9015,95.6643,
2.2083,5.6616,-1.4218,101.5359,78.4567,91.5097,75.7589,95.5574,
2.2167,4.8352,-1.8584,101.1448,78.1609,91.4314,75.6089,95.4547,
2.2250,4.0464,-2.3357,100.7383,77.8639,91.3590,75.4540,95.3535,
2.2333,3.3147,-2.8431,100.3130,77.5620,91.2944,75.2984,95.2503,
2.2417,2.6586,-3.3717,99.8654,77.2517,91.2391,75.1466,95.1422,
2.2500,2.0935,-3.9146,99.3938,76.9298,91.1927,75.0031,95.0269,
2.2583,1.6274,-4.4670,98.8983,76.5950,91.1527,74.8711,94.9041,
2.2667,1.2574,-5.0274,98.3820,76.2467,91.1146,74.7517,94.7756,
2.2750,0.9712,-5.5987,97.8516,75.8857,91.0712,74.6441,94.6466,
2.2833,0.7523,-6.1873,97.3159,75.5130,91.0126,74.5461,94.5251,
2.2917,0.5858,-6.8018,96.7852,75.1289,90.9281,74.4559,94.4202,
2.3000,0.4605,-7.4509,96.2690,74.7326,90.8095,74.3738,94.3370,
2.3083,0.3676,-8.1408,95.7756,74.3226,90.6524,74.3035,94.2747,
2.3167,0.3000,-8.8734,95.3108,73.8959,90.4558,74.2506,94.2275,
2.3250,0.2524,-9.6469,94.8780,73.4485,90.2217,74.2219,94.1871,
2.3333,0.2210,-10.4573,94.4782,72.9753,89.9534,74.2246,94.1462,
2.3417,0.2035,-11.3012,94.1103,72.4706,89.6554,74.2648,94.0997,
2.3500,0.1978,-12.1763,93.7728,71.9286,89.3325,74.3464,94.0452,
2.3583,0.2013,-13.0812,93.4637,71.3434,88.9894,74.4711,93.9833,
2.3667,0.2111,-14.0142,93.1803,70.7096,88.6314,74.6376,93.9160,
2.3750,0.2241,-14.9752,92.9187,70.0243,88.2642,74.8427,93.8462,
2.3833,0.2382,-15.9656,92.6734,69.2881,87.8939,75.0820,93.7763,
2.3917,0.2527,-16.9851,92.4375,68.5062,87.5266,75.3503,93.7076,
2.4000,0.2674,-18.0261,92.2038,67.6870,87.1676,75.6424,93.6409,
2.4083,0.2821,-19.0688,91.9690,66.8434,86.8187,75.9534,93.5764,
2.4167,0.2961,-20.0813,91.7345,65.9924,86.4781,76.2790,93.5136,
2.4250,0.3083,-21.0208,91.5048,65.1547,86.1420,76.6173,93.4502,
2.4333,0.3177,-21.8384,91.2836,64.3524,85.8076,76.9692,93.3834,
2.4417,0.3234,-22.4847,91.0720,63.6079,85.4741,77.3382,93.3100,
2.4500,0.3252,-22.9206,90.8689,62.9426,85.1422,77.7277,93.2276,
2.4583,0.3236,-23.1293,90.6732,62.3758,84.8121,78.1400,93.1349,
2.4667,0.3192,-23.1224,90.4848,61.9226,84.4835,78.5757,93.0318,
2.4750,0.3127,-22.9352,90.3051,61.5907,84.1554,79.0339,92.9194,
2.4833,0.3040,-22.6120,90.1348,61.3790,83.8276,79.5137,92.7994,
2.4917,0.2921,-22.1890,89.9731,61.2790,83.5005,80.0144,92.6736,
2.5000,0.2754,-21.6816,89.8182,61.2783,83.1756,80.5373,92.5435,
2.5083,0.2522,-21.0809,89.6677,61.3636,82.8541,81.0850,92.4098,
2.5167,0.2210,-20.3621,89.5194,61.5233,82.5367,81.6595,92.2733,
2.5250,0.1810,-19.5029,89.3721,61.7497,82.2236,82.2608,92.1352,
2.5333,0.1321,-18.4992,89.2246,62.0399,81.9144,82.8856,91.9975,
2.5417,0.0754,-17.3694,89.0762,62.3974,81.6089,83.5281,91.8634,
2.5500,0.0122,-16.1492,88.9261,62.8351,81.3068,84.1798,91.7362,
2.5583,-0.0560,-14.8760,88.7730,63.3769,81.0083,84.8279,91.6187,
2.5667,-0.1285,-13.5691,88.6164,64.0490,80.7135,85.4573,91.5116,
2.5750,-0.2046,-12.2236,88.4565,64.8675,80.4226,86.0547,91.4144,
2.5833,-0.2835,-10.8274,88.2935,65.8361,80.1353,86.6120,91.3258,
2.5917,-0.3642,-9.3808,88.1280,66.9500,79.8518,87.1265,91.2447,
2.6000,-0.4459,-7.9080,87.9601,68.1989,79.5718,87.6010,91.1709,
2.6083,-0.5272,-6.4513,87.7906,69.5668,79.2949,88.0427,91.1046,
2.6167,-0.6066,-5.0521,87.6202,71.0335,79.0208,88.4611,91.0462,
2.6250,-0.6827,-3.7274,87.4502,72.5785,78.7489,88.8656,90.9952,
2.6333,-0.7546,-2.4540,87.2817,74.1869,78.4787,89.2618,90.9511,
2.6417,-0.8222,-1.1735,87.1160,75.8518,78.2100,89.6504,90.9131,
2.6500,-0.8859,0.1833,86.9534,77.5719,77.9428,90.0286,90.8808,
2.6583,-0.9464,1.6644,86.7934,79.3466,77.6776,90.3932,90.8538,
2.6667,-1.0050,3.2703,86.6340,81.1696,77.4157,90.7438,90.8319,
2.6750,-1.0633,4.9563,86.4717,83.0263,77.1590,91.0845,90.8151,
2.6833,-1.1222,6.6664,86.3015,84.8980,76.9103,91.4230,90.8029,
2.6917,-1.1822,8.3656,86.1171,86.7665,76.6727,91.7675,90.7944,
2.7000,-1.2434,10.0457,85.9127,88.6134,76.4497,92.1254,90.7888,
2.7083,-1.3065,11.7120,85.6848,90.4191,76.2432,92.5028,90.7856,
2.7167,-1.3730,13.3660,85.4365,92.1658,76.0515,92.9045,90.7849,
2.7250,-1.4443,14.9961,85.1749,93.8417,75.8700,93.3327,90.7866,
2.7333,-1.5212,16.5789,84.9062,95.4432,75.6950,93.7857,90.7905,
2.7417,-1.6033,18.0884,84.6335,96.9720,75.5245,94.2582,90.7963,
2.7500,-1.6897,19.5009,84.3589,98.4297,75.3572,94.7419,90.8032,
2.7583,-1.7794,20.7928,84.0836,99.8139,75.1925,95.2282,90.8103,
2.7667,-1.8721,21.9351,83.8082,101.1170,75.0301,95.7115,90.8169,
2.7750,-1.9689,22.8958,83.5319,102.3299,74.8705,96.1894,90.8224,
2.7833,-2.0714,23.6507,83.2529,103.4480,74.7146,96.6610,90.8273,
2.7917,-2.1817,24.2019,82.9687,104.4733,74.5630,97.1236,90.8326,
2.8000,-2.3014,24.5948,82.6766,105.4157,74.4161,97.5738,90.8407,
2.8083,-2.4324,24.9116,82.3751,106.2893,74.2733,98.0069,90.8549,
2.8167,-2.5770,25.2319,82.0635,107.1055,74.1326,98.4175,90.8792,
2.8250,-2.7376,25.5966,81.7421,107.8665,73.9913,98.7995,90.9182,
2.8333,-2.9163,26.0125,81.4120,108.5690,73.8461,99.1467,90.9765,
2.8417,-3.1141,26.4757,81.0744,109.2119,73.6945,99.4537,91.0564,
2.8500,-3.3308,26.9834,80.7303,109.8014,73.5358,99.7178,91.1568,
2.8583,-3.5654,27.5342,80.3798,110.3501,73.3714,99.9397,91.2733,
2.8667,-3.8164,28.1256,80.0213,110.8722,73.2041,100.1227,91.4005,
2.8750,-4.0827,28.7538,79.6517,111.3771,73.0371,100.2714,91.5332,
2.8833,-4.3640,29.4094,79.2670,111.8661,72.8744,100.3910,91.6674,
2.8917,-4.6607,30.0706,78.8632,112.3332,72.7190,100.4870,91.8002,
2.9000,-4.9729,30.7026,78.4383,112.7672,72.5721,100.5644,91.9301,
2.9083,-5.3000,31.2701,77.9923,113.1560,72.4331,100.6271,92.0569,
2.9167,-5.6411,31.7539,77.5270,113.4899,72.3002,100.6762,92.1823,
2.9250,-5.9951,32.1600,77.0452,113.7632,72.1712,100.7104,92.3088,
2.9333,-6.3617,32.5093,76.5511,113.9740,72.0432,100.7262,92.4394,
2.9417,-6.7417,32.8080,76.0489,114.1219,71.9137,100.7184,92.5767,
2.9500,-7.1370,33.0242,75.5413,114.2034,71.7812,100.6813,92.7230,
2.9583,-7.5505,33.1015,75.0296,114.2126,71.6455,100.6100,92.8797,
2.9667,-7.9857,33.0022,74.5143,114.1446,71.5072,100.5010,93.0480,
2.9750,-8.4462,32.7356,73.9956,114.0005,71.3678,100.3532,93.2284,
2.9833,-8.9352,32.3477,73.4685,113.7883,71.2320,100.1682,93.4204,
2.9917,-9.4554,31.8946,72.9236,113.5209,71.1066,99.9501,93.6220,
3.0000,-10.0088,31.4220,72.3536,113.2179,70.9962,99.7028,93.8297,
3.0083,-10.5961,30.9600,71.7569,112.9071,70.9013,99.4267,94.0400,
3.0167,-11.2172,30.5172,71.1348,112.6184,70.8211,99.1210,94.2494,
3.0250,-11.8722,30.0768,70.4896,112.3722,70.7553,98.7902,94.4550,
3.0333,-12.5621,29.6008,69.8233,112.1717,70.7042,98.4463,94.6539,
3.0417,-13.2918,29.0462,69.1366,112.0035,70.6697,98.1057,94.8429,
3.0500,-14.0702,28.3808,68.4271,111.8417,70.6564,97.7858,95.0193,
3.0583,-14.9097,27.5911,67.6895,111.6526,70.6712,97.5014,95.1817,
3.0667,-15.8228,26.6809,66.9186,111.4028,70.7213,97.2636,95.3296,
3.0750,-16.8205,25.6659,66.1116,111.0683,70.8121,97.0773,95.4634,
3.0833,-17.9119,24.5707,65.2681,110.6418,70.9464,96.9391,95.5848,
3.0917,-19.1057,23.4242,64.3878,110.1330,71.1265,96.8384,95.6962,
3.1000,-20.4098,22.2552,63.4699,109.5644,71.3542,96.7589,95.8009,
3.1083,-21.8312,21.0863,62.5137,108.9628,71.6308,96.6831,95.9029,
3.1167,-23.3756,19.9322,61.5199,108.3530,71.9568,96.5954,96.0067,
3.1250,-25.0481,18.8017,60.4922,107.7541,72.3308,96.4846,96.1166,
3.1333,-26.8513,17.7032,59.4371,107.1760,72.7498,96.3446,96.2361,
3.1417,-28.7846,16.6474,58.3619,106.6194,73.2106,96.1754,96.3674,
3.1500,-30.8442,15.6486,57.2727,106.0768,73.7108,95.9815,96.5108,
3.1583,-33.0242,14.7238,56.1735,105.5367,74.2491,95.7705,96.6650,
3.1667,-35.3180,13.8902,55.0672,104.9875,74.8250,95.5502,96.8272,
3.1750,-37.7189,13.1576,53.9554,104.4215,75.4392,95.3267,96.9941,
3.1833,-40.2220,12.5227,52.8405,103.8373,76.0932,95.1026,97.1616,
3.1917,-42.8246,11.9709,51.7284,103.2409,76.7886,94.8765,97.3251,
3.2000,-45.5248,11.4846,50.6299,102.6435,77.5254,94.6439,97.4802,
3.2083,-48.3151,11.0489,49.5606,102.0593,78.3022,94.3991,97.6224,
3.2167,-51.1776,10.6530,48.5382,101.5015,79.1169,94.1378,97.7472,
3.2250,-54.0845,10.2893,47.5816,100.9794,79.9668,93.8582,97.8504,
3.2333,-57.0008,9.9521,46.7105,100.4982,80.8480,93.5609,97.9287,
3.2417,-59.8787,9.6364,45.9430,100.0587,81.7558,93.2489,97.9791,
3.2500,-62.6427,9.3375,45.2920,99.6567,82.6848,92.9286,97.9988,
3.2583,-65.1789,9.0507,44.7634,99.2847,83.6303,92.6085,97.9850,
3.2667,-67.3410,8.7729,44.3567,98.9340,84.5883,92.2976,97.9354,
3.2750,-68.9794,8.5033,44.0672,98.5972,85.5564,92.0036,97.8474,
3.2833,-69.9830,8.2434,43.8899,98.2695,86.5336,91.7322,97.7191,
3.2917,-70.3118,7.9963,43.8222,97.9490,87.5211,91.4875,97.5485,
3.3000,-70.0029,7.7666,43.8647,97.6356,88.5205,91.2722,97.3345,
3.3083,-69.1509,7.5592,44.0195,97.3297,89.5333,91.0872,97.0780,
3.3167,-67.8774,7.3793,44.2879,97.0319,90.5598,90.9323,96.7817,
3.3250,-66.3005,7.2318,44.6696,96.7420,91.5988,90.8067,96.4491,
3.3333,-64.5132,7.1217,45.1631,96.4596,92.6468,90.7088,96.0848,
3.3417,-62.5737,7.0546,45.7667,96.1846,93.6956,90.6349,95.6967,
3.3500,-60.5052,7.0371,46.4790,95.9178,94.7300,90.5765,95.2993,
3.3583,-58.3051,7.0751,47.2981,95.6615,95.7278,90.5186,94.9152,
3.3667,-55.9572,7.1731,48.2222,95.4190,96.6621,90.4411,94.5734,
3.3750,-53.4458,7.3317,49.2474,95.1934,97.5080,90.3230,94.3027,
3.3833,-50.7682,7.5449,50.3661,94.9845,98.2506,90.1484,94.1244,
3.3917,-47.9421,7.7973,51.5686,94.7890,98.8882,89.9104,94.0466,
3.4000,-45.0030,8.0631,52.8486,94.5986,99.4282,89.6121,94.0637,
3.4083,-41.9916,8.3095,54.2072,94.3982,99.8815,89.2669,94.1593,
3.4167,-38.9390,8.5054,55.6525,94.1709,100.2575,88.8932,94.3114,
3.4250,-35.8666,8.6328,57.1959,93.9111,100.5633,88.5048,94.4976,
3.4333,-32.7948,8.6925,58.8456,93.6272,100.8060,88.1077,94.6984,
3.4417,-29.7463,8.6986,60.5990,93.3333,100.9985,87.7044,94.8985,
3.4500,-26.7405,8.6695,62.4393,93.0424,101.1610,87.2966,95.0874,
3.4583,-23.7932,8.6210,64.3436,92.7627,101.3142,86.8864,95.2577,
3.4667,-20.9222,8.5640,66.2960,92.4989,101.4679,86.4773,95.4047,
3.4750,-18.1464,8.5043,68.2921,92.2520,101.6195,86.0737,95.5245,
3.4833,-15.4751,8.4434,70.3355,92.0209,101.7589,85.6810,95.6141,
3.4917,-12.9029,8.3808,72.4303,91.8020,101.8759,85.3058,95.6708,
3.5000,-10.4151,8.3151,74.5761,91.5903,101.9645,84.9554,95.6922,
3.5083,-7.9972,8.2458,76.7659,91.3807,102.0241,84.6364,95.6759,
3.5167,-5.6419,8.1726,78.9886,91.1691,102.0583,84.3547,95.6194,
3.5250,-3.3550,8.0952,81.2320,90.9527,102.0726,84.1146,95.5206,
3.5333,-1.1560,8.0135,83.4854,90.7298,102.0710,83.9180,95.3786,
3.5417,0.9290,7.9272,85.7408,90.4991,102.0536,83.7646,95.1946,
3.5500,2.8770,7.8368,87.9908,90.2605,102.0170,83.6496,94.9730,
3.5583,4.6707,7.7434,90.2239,90.0144,101.9559,83.5638,94.7235,
3.5667,6.2947,7.6484,92.4217,89.7610,101.8656,83.4931,94.4618,
3.5750,7.7305,7.5533,94.5571,89.4996,101.7427,83.4213,94.2081,
3.5833,8.9549,7.4595,96.5968,89.2302,101.5864,83.3330,93.9834,
3.5917,9.9430,7.3674,98.5040,88.9531,101.3985,83.2166,93.8059,
3.6000,10.6778,7.2762,100.2445,88.6706,101.1813,83.0632,93.6904,
3.6083,11.1580,7.1847,101.7901,88.3853,100.9351,82.8671,93.6478,
3.6167,11.3992,7.0914,103.1203,88.0996,100.6587,82.6248,93.6850,
3.6250,11.4287,6.9947,104.2186,87.8146,100.3514,82.3352,93.8040,
3.6333,11.2784,6.8930,105.0735,87.5292,100.0136,81.9999,94.0009,
3.6417,10.9814,6.7851,105.6815,87.2396,99.6472,81.6238,94.2650,
3.6500,10.5745,6.6701,106.0520,86.9406,99.2552,81.2146,94.5779,
3.6583,10.1010,6.5476,106.2078,86.6286,98.8423,80.7816,94.9159,
3.6667,9.6038,6.4175,106.1823,86.3032,98.4159,80.3358,95.2527,
3.6750,9.1079,6.2804,106.0149,85.9668,97.9868,79.8902,95.5616,
3.6833,8.6092,6.1373,105.7469,85.6233,97.5679,79.4587,95.8181,
3.6917,8.0790,5.9901,105.4171,85.2766,97.1726,79.0528,96.0034,
3.7000,7.4829,5.8406,105.0578,84.9290,96.8128,78.6802,96.1081,
3.7083,6.8000,5.6896,104.6909,84.5816,96.4985,78.3448,96.1321,
3.7167,6.0328,5.5360,104.3249,84.2347,96.2364,78.0477,96.0831,
3.7250,5.2071,5.3768,103.9572,83.8885,96.0301,77.7875,95.9729,
3.7333,4.3611,5.2077,103.5779,83.5431,95.8791,77.5614,95.8134,
3.7417,3.5309,5.0235,103.1763,83.1979,95.7804,77.3660,95.6163,
3.7500,2.7415,4.8195,102.7443,82.8523,95.7278,77.1969,95.3926,
3.7583,2.0063,4.5929,102.2791,82.5059,95.7117,77.0482,95.1542,
3.7667,1.3336,4.3436,101.7837,82.1582,95.7172,76.9121,94.9144,
3.7750,0.7337,4.0718,101.2654,81.8087,95.7249,76.7791,94.6884,
3.7833,0.2208,3.7747,100.7334,81.4569,95.7143,76.6402,94.4905,
3.7917,-0.1920,3.4445,100.1963,81.1020,95.6696,76.4899,94.3300,
3.8000,-0.5012,3.0699,99.6615,80.7430,95.5816,76.3270,94.2089,
3.8083,-0.7138,2.6422,99.1342,80.3786,95.4480,76.1538,94.1237,
3.8167,-0.8446,2.1588,98.6179,80.0069,95.2725,75.9750,94.0666,
3.8250,-0.9119,1.6234,98.1133,79.6258,95.0623,75.7961,94.0286,
3.8333,-0.9344,1.0423,97.6199,79.2345,94.8265,75.6221,94.0004,
3.8417,-0.9283,0.4206,97.1376,78.8339,94.5722,75.4563,93.9746,
3.8500,-0.9059,-0.2377,96.6698,78.4265,94.3026,75.3004,93.9459,
3.8583,-0.8756,-0.9299,96.2246,78.0151,94.0157,75.1556,93.9117,
3.8667,-0.8425,-1.6539,95.8108,77.6018,93.7070,75.0222,93.8715,
3.8750,-0.8108,-2.4073,95.4319,77.1888,93.3741,74.8999,93.8264,
3.8833,-0.7845,-3.1866,95.0847,76.7777,93.0197,74.7876,93.7779,
3.8917,-0.7673,-3.9866,94.7616,76.3691,92.6499,74.6838,93.7278,
3.9000,-0.7609,-4.8005,94.4556,75.9624,92.2712,74.5867,93.6765,
3.9083,-0.7644,-5.6212,94.1628,75.5560,91.8879,74.4952,93.6238,
3.9167,-0.7742,-6.4416,93.8823,75.1481,91.5014,74.4089,93.5691,
3.9250,-0.7850,-7.2547,93.6151,74.7366,91.1117,74.3280,93.5119,
3.9333,-0.7904,-8.0557,93.3627,74.3197,90.7175,74.2535,93.4524,
3.9417,-0.7839,-8.8430,93.1265,73.8959,90.3172,74.1866,93.3915,
3.9500,-0.7596,-9.6188,92.9063,73.4633,89.9099,74.1294,93.3306,
3.9583,-0.7129,-10.3876,92.6997,73.0193,89.4961,74.0847,93.2720,
3.9667,-0.6422,-11.1556,92.5020,72.5608,89.0775,74.0561,93.2183,
3.9750,-0.5498,-11.9285,92.3073,72.0848,88.6574,74.0477,93.1715,
3.9833,-0.4432,-12.7125,92.1105,71.5892,88.2396,74.0630,93.1320,
3.9917,-0.3345,-13.5128,91.9084,71.0728,87.8288,74.1048,93.0975,
4.0000,-0.2383,-14.3324,91.7004,70.5350,87.4292,74.1746,93.0622,
4.0083,-0.1657,-15.1714,91.4876,69.9750,87.0434,74.2728,93.0193,
4.0167,-0.1208,-16.0286,91.2717,69.3909,86.6710,74.3988,92.9637,
4.0250,-0.1007,-16.9016,91.0545,68.7803,86.3097,74.5515,92.8943,
4.0333,-0.0997,-17.7872,90.8381,68.1417,85.9556,74.7294,92.8140,
4.0417,-0.1113,-18.6810,90.6248,67.4751,85.6044,74.9310,92.7275,
4.0500,-0.1293,-19.5739,90.4167,66.7839,85.2527,75.1547,92.6403,
4.0583,-0.1486,-20.4470,90.2155,66.0760,84.8978,75.3990,92.5564,
4.0667,-0.1661,-21.2679,90.0222,65.3648,84.5382,75.6627,92.4783,
4.0750,-0.1804,-21.9917,89.8373,64.6679,84.1745,75.9467,92.4063,
4.0833,-0.1924,-22.5662,89.6598,64.0060,83.8094,76.2547,92.3383,
4.0917,-0.2036,-22.9396,89.4868,63.4018,83.4480,76.5915,92.2706,
4.1000,-0.2155,-23.0729,89.3143,62.8781,83.0964,76.9614,92.1988,
4.1083,-0.2294,-22.9506,89.1386,62.4542,82.7593,77.3677,92.1197,
4.1167,-0.2458,-22.5850,88.9578,62.1414,82.4392,77.8141,92.0316,
4.1250,-0.2647,-22.0084,88.7730,61.9437,82.1359,78.3044,91.9339,
4.1333,-0.2858,-21.2593,88.5873,61.8585,81.8474,78.8420,91.8266,
4.1417,-0.3085,-20.3696,88.4040,61.8790,81.5709,79.4293,91.7097,
4.1500,-0.3318,-19.3589,88.2261,61.9950,81.3041,80.0671,91.5830,
4.1583,-0.3544,-18.2368,88.0553,62.1978,81.0447,80.7539,91.4464,
4.1667,-0.3752,-17.0099,87.8927,62.4847,80.7903,81.4842,91.3005,
4.1750,-0.3937,-15.6872,87.7399,62.8614,80.5380,82.2484,91.1464,
4.1833,-0.4096,-14.2817,87.5982,63.3401,80.2847,83.0343,90.9864,
4.1917,-0.4229,-12.8111,87.4677,63.9364,80.0280,83.8270,90.8232,
4.2000,-0.4334,-11.2964,87.3479,64.6674,79.7663,84.6107,90.6603,
4.2083,-0.4415,-9.7568,87.2376,65.5491,79.4989,85.3691,90.5007,
4.2167,-0.4471,-8.2035,87.1350,66.5947,79.2256,86.0879,90.3460,
4.2250,-0.4503,-6.6376,87.0380,67.8117,78.9469,86.7566,90.1959,
4.2333,-0.4513,-5.0526,86.9443,69.2009,78.6639,87.3686,90.0489,
4.2417,-0.4503,-3.4379,86.8509,70.7593,78.3777,87.9199,89.9026,
4.2500,-0.4480,-1.7810,86.7553,72.4813,78.0896,88.4076,89.7559,
4.2583,-0.4451,-0.0722,86.6549,74.3575,77.8010,88.8312,89.6093,
4.2667,-0.4427,1.6925,86.5476,76.3714,77.5127,89.1956,89.4664,
4.2750,-0.4426,3.5099,86.4317,78.4979,77.2261,89.5116,89.3332,
4.2833,-0.4467,5.3716,86.3058,80.7048,76.9426,89.7947,89.2165,
4.2917,-0.4573,7.2673,86.1685,82.9570,76.6640,90.0613,89.1223,
4.3000,-0.4762,9.1856,86.0184,85.2191,76.3922,90.3265,89.0549,
4.3083,-0.5042,11.1122,85.8543,87.4582,76.1289,90.6024,89.0159,
4.3167,-0.5405,13.0301,85.6755,89.6463,75.8748,90.8971,89.0049,
4.3250,-0.5833,14.9190,85.4821,91.7622,75.6295,91.2126,89.0193,
4.3333,-0.6305,16.7567,85.2745,93.7925,75.3924,91.5441,89.0550,
4.3417,-0.6806,18.5207,85.0527,95.7275,75.1629,91.8832,89.1075,
4.3500,-0.7333,20.1900,84.8166,97.5553,74.9404,92.2221,89.1727,
4.3583,-0.7892,21.7442,84.5660,99.2607,74.7247,92.5548,89.2474,
4.3667,-0.8497,23.1612,84.3011,100.8257,74.5151,92.8764,89.3304,
4.3750,-0.9166,24.4179,84.0228,102.2305,74.3105,93.1839,89.4221,
4.3833,-0.9915,25.4909,83.7326,103.4537,74.1097,93.4769,89.5239,
4.3917,-1.0751,26.3558,83.4320,104.4763,73.9113,93.7559,89.6383,
4.4000,-1.1675,26.9865,83.1223,105.2857,73.7138,94.0199,89.7681,
4.4083,-1.2684,27.3572,82.8042,105.8804,73.5165,94.2641,89.9172,
4.4167,-1.3776,27.4476,82.4769,106.2718,73.3193,94.4796,90.0888,
4.4250,-1.4951,27.2493,82.1386,106.4826,73.1239,94.6551,90.2856,
4.4333,-1.6215,26.7708,81.7860,106.5433,72.9329,94.7796,90.5086,
4.4417,-1.7584,26.0379,81.4159,106.4886,72.7503,94.8446,90.7573,
4.4500,-1.9086,25.0900,81.0249,106.3548,72.5801,94.8458,91.0307,
4.4583,-2.0767,23.9753,80.6100,106.1763,72.4269,94.7842,91.3274,
4.4667,-2.2701,22.7463,80.1683,105.9809,72.2955,94.6660,91.6458,
4.4750,-2.4989,21.4529,79.6970,105.7843,72.1903,94.5027,91.9828,
4.4833,-2.7757,20.1387,79.1940,105.5876,72.1152,94.3095,92.3338,
4.4917,-3.1141,18.8391,78.6575,105.3809,72.0731,94.1024,92.6921,
4.5000,-3.5260,17.5825,78.0851,105.1504,72.0665,93.8940,93.0490,
4.5083,-4.0193,16.3902,77.4738,104.8860,72.0975,93.6914,93.3949,
4.5167,-4.5985,15.2772,76.8212,104.5850,72.1676,93.4966,93.7207,
4.5250,-5.2662,14.2499,76.1264,104.2520,72.2768,93.3082,94.0191,
4.5333,-6.0237,13.3072,75.3901,103.8964,72.4241,93.1233,94.2861,
4.5417,-6.8712,12.4416,74.6143,103.5282,72.6084,92.9391,94.5198,
4.5500,-7.8073,11.6418,73.8021,103.1552,72.8285,92.7535,94.7209,
4.5583,-8.8291,10.8951,72.9573,102.7813,73.0831,92.5660,94.8914,
4.5667,-9.9336,10.1896,72.0841,102.4071,73.3715,92.3773,95.0356,
4.5750,-11.1180,9.5162,71.1852,102.0303,73.6939,92.1894,95.1590,
4.5833,-12.3816,8.8682,70.2613,101.6480,74.0514,92.0053,95.2681,
4.5917,-13.7245,8.2400,69.3113,101.2575,74.4460,91.8287,95.3694,
4.6000,-15.1472,7.6278,68.3332,100.8574,74.8789,91.6633,95.4683,
4.6083,-16.6504,7.0291,67.3247,100.4469,75.3513,91.5119,95.5693,
4.6167,-18.2362,6.4425,66.2836,100.0263,75.8637,91.3751,95.6761,
4.6250,-19.9080,5.8671,65.2080,99.5983,76.4172,91.2504,95.7919,
4.6333,-21.6686,5.3041,64.0981,99.1679,77.0125,91.1328,95.9183,
4.6417,-23.5171,4.7586,62.9570,98.7413,77.6500,91.0162,96.0551,
4.6500,-25.4452,4.2410,61.7925,98.3238,78.3294,90.8959,96.1995,
4.6583,-27.4391,3.7661,60.6173,97.9186,79.0496,90.7696,96.3466,
4.6667,-29.4874,3.3488,59.4459,97.5258,79.8087,90.6370,96.4902,
4.6750,-31.5898,2.9993,58.2919,97.1439,80.6042,90.4990,96.6240,
4.6833,-33.7580,2.7195,57.1676,96.7713,81.4327,90.3556,96.7429,
4.6917,-36.0078,2.5027,56.0852,96.4081,82.2900,90.2056,96.8430,
4.7000,-38.3515,2.3374,55.0580,96.0561,83.1717,90.0467,96.9221,
4.7083,-40.7929,2.2122,54.1003,95.7186,84.0732,89.8762,96.9791,
4.7167,-43.3237,2.1167,53.2265,95.3988,84.9904,89.6911,97.0141,
4.7250,-45.9206,2.0432,52.4478,95.0996,85.9200,89.4889,97.0279,
4.7333,-48.5373,1.9856,51.7697,94.8223,86.8594,89.2687,97.0223,
4.7417,-51.0919,1.9404,51.1911,94.5665,87.8055,89.0306,96.9990,
4.7500,-53.4592,1.9053,50.7081,94.3304,88.7541,88.7764,96.9604,
4.7583,-55.4753,1.8794,50.3182,94.1101,89.6985,88.5092,96.9087,
4.7667,-56.9624,1.8622,50.0255,93.9011,90.6295,88.2330,96.8461,
4.7750,-57.7763,1.8528,49.8432,93.6990,91.5361,87.9521,96.7745,
4.7833,-57.8660,1.8484,49.7936,93.5002,92.4065,87.6708,96.6954,
4.7917,-57.3003,1.8443,49.9024,93.3020,93.2306,87.3928,96.6099,
4.8000,-56.2347,1.8350,50.1902,93.1022,94.0015,87.1210,96.5190,
4.8083,-54.8387,1.8159,50.6663,92.8986,94.7174,86.8576,96.4233,
4.8167,-53.2346,1.7846,51.3300,92.6889,95.3806,86.6038,96.3237,
4.8250,-51.4770,1.7409,52.1732,92.4704,95.9937,86.3597,96.2213,
4.8333,-49.5704,1.6872,53.1829,92.2405,96.5576,86.1247,96.1176,
4.8417,-47.4995,1.6268,54.3433,91.9980,97.0706,85.8975,96.0138,
4.8500,-45.2511,1.5619,55.6390,91.7429,97.5293,85.6763,95.9111,
4.8583,-42.8226,1.4936,57.0552,91.4768,97.9308,85.4589,95.8107,
4.8667,-40.2236,1.4210,58.5785,91.2024,98.2749,85.2430,95.7135,
4.8750,-37.4704,1.3431,60.1974,90.9231,98.5646,85.0257,95.6202,
4.8833,-34.5808,1.2593,61.9046,90.6423,98.8041,84.8045,95.5313,
4.8917,-31.5730,1.1691,63.6954,90.3625,98.9975,84.5774,95.4474,
4.9000,-28.4674,1.0725,65.5658,90.0851,99.1479,84.3435,95.3685,
4.9083,-25.2894,0.9696,67.5104,89.8107,99.2579,84.1020,95.2946,
4.9167,-22.0726,0.8612,69.5206,89.5401,99.3301,83.8523,95.2252,
4.9250,-18.8603,0.7481,71.5847,89.2733,99.3665,83.5938,95.1595,
4.9333,-15.7025,0.6312,73.6916,89.0099,99.3683,83.3263,95.0974,
4.9417,-12.6466,0.5108,75.8331,88.7489,99.3359,83.0502,95.0386,
4.9500,-9.7314,0.3868,78.0037,88.4890,99.2689,82.7658,94.9831,
4.9583,-6.9849,0.2590,80.1980,88.2290,99.1668,82.4739,94.9308,
4.9667,-4.4229,0.1274,82.4078,87.9668,99.0300,82.1753,94.8810,
4.9750,-2.0498,-0.0087,84.6206,87.6997,98.8591,81.8716,94.8331,
4.9833,0.1384,-0.1503,86.8205,87.4252,98.6560,81.5647,94.7862,
4.9917,2.1481,-0.2996,88.9892,87.1409,98.4238,81.2565,94.7403,
5.0000,3.9867,-0.4580,91.1077,86.8457,98.1668,80.9485,94.6953,
5.0083,5.6635,-0.6261,93.1552,86.5401,97.8904,80.6414,94.6523,
5.0167,7.1896,-0.8033,95.1084,86.2252,97.6002,80.3356,94.6125,
5.0250,8.5754,-0.9892,96.9437,85.9025,97.3021,80.0316,94.5781,
5.0333,9.8298,-1.1841,98.6371,85.5727,97.0013,79.7301,94.5508,
5.0417,10.9616,-1.3891,100.1664,85.2358,96.7017,79.4317,94.5330,
5.0500,11.9805,-1.6053,101.5114,84.8906,96.4055,79.1367,94.5269,
5.0583,12.8945,-1.8337,102.6556,84.5354,96.1135,78.8449,94.5351,
5.0667,13.7053,-2.0755,103.5859,84.1684,95.8244,78.5553,94.5605,
5.0750,14.4009,-2.3322,104.2945,83.7877,95.5358,78.2674,94.6050,
5.0833,14.9516,-2.6046,104.7820,83.3924,95.2449,77.9821,94.6685,
5.0917,15.3150,-2.8919,105.0590,82.9826,94.9499,77.7012,94.7480,
5.1000,15.4474,-3.1911,105.1476,82.5590,94.6495,77.4273,94.8391,
5.1083,15.3210,-3.4988,105.0791,82.1234,94.3425,77.1614,94.9378,
5.1167,14.9364,-3.8125,104.8919,81.6776,94.0284,76.9036,95.0414,
5.1250,14.3246,-4.1327,104.6267,81.2245,93.7094,76.6533,95.1477,
5.1333,13.5294,-4.4629,104.3214,80.7669,93.3906,76.4100,95.2547,
5.1417,12.5877,-4.8081,104.0042,80.3070,93.0799,76.1737,95.3598,
5.1500,11.5287,-5.1744,103.6879,79.8460,92.7868,75.9446,95.4604,
5.1583,10.3866,-5.5681,103.3687,79.3838,92.5199,75.7233,95.5534,
5.1667,9.2073,-5.9965,103.0302,78.9195,92.2861,75.5103,95.6358,
5.1750,8.0403,-6.4675,102.6522,78.4509,92.0888,75.3067,95.7049,
5.1833,6.9267,-6.9892,102.2196,77.9751,91.9275,75.1146,95.7592,
5.1917,5.8957,-7.5694,101.7278,77.4875,91.7971,74.9372,95.7976,
5.2000,4.9705,-8.2137,101.1824,76.9828,91.6880,74.7793,95.8203,
5.2083,4.1728,-8.9235,100.5972,76.4552,91.5869,74.6457,95.8285,
5.2167,3.5204,-9.6973,99.9907,75.9005,91.4783,74.5409,95.8239,
5.2250,3.0192,-10.5335,99.3834,75.3169,91.3471,74.4680,95.8093,
5.2333,2.6587,-11.4328,98.7943,74.7059,91.1812,74.4280,95.7873,
5.2417,2.4158,-12.3972,98.2381,74.0706,90.9740,74.4207,95.7607,
5.2500,2.2633,-13.4294,97.7220,73.4139,90.7256,74.4457,95.7311,
5.2583,2.1756,-14.5324,97.2454,72.7369,90.4417,74.5027,95.6993,
5.2667,2.1301,-15.7086,96.8031,72.0395,90.1315,74.5923,95.6647,
5.2750,2.1082,-16.9565,96.3891,71.3210,89.8045,74.7144,95.6260,
5.2833,2.0963,-18.2675,95.9991,70.5807,89.4680,74.8687,95.5815,
5.2917,2.0851,-19.6202,95.6310,69.8189,89.1269,75.0540,95.5299,
5.3000,2.0697,-20.9759,95.2824,69.0376,88.7833,75.2678,95.4718,
5.3083,2.0482,-22.2869,94.9495,68.2398,88.4373,75.5054,95.4104,
5.3167,2.0208,-23.5177,94.6290,67.4273,88.0869,75.7610,95.3508,
5.3250,1.9885,-24.6555,94.3198,66.6016,87.7298,76.0302,95.2963,
5.3333,1.9526,-25.7002,94.0206,65.7666,87.3663,76.3107,95.2462,
5.3417,1.9149,-26.6519,93.7273,64.9308,87.0005,76.6027,95.1964,
5.3500,1.8763,-27.5022,93.4347,64.1077,86.6382,76.9077,95.1409,
5.3583,1.8377,-28.2300,93.1403,63.3146,86.2834,77.2280,95.0741,
5.3667,1.7993,-28.8027,92.8458,62.5720,85.9372,77.5657,94.9921,
5.3750,1.7610,-29.1826,92.5544,61.9028,85.5992,77.9227,94.8932,
5.3833,1.7225,-29.3385,92.2684,61.3296,85.2690,78.2998,94.7770,
5.3917,1.6830,-29.2547,91.9890,60.8704,84.9463,78.6977,94.6441,
5.4000,1.6417,-28.9354,91.7173,60.5359,84.6306,79.1172,94.4953,
5.4083,1.5978,-28.4042,91.4550,60.3284,84.3208,79.5596,94.3315,
5.4167,1.5510,-27.6994,91.2031,60.2436,84.0159,80.0267,94.1535,
5.4250,1.5011,-26.8635,90.9627,60.2731,83.7152,80.5200,93.9624,
5.4333,1.4481,-25.9288,90.7337,60.4081,83.4185,81.0401,93.7602,
5.4417,1.3925,-24.9117,90.5160,60.6416,83.1255,81.5862,93.5490,
5.4500,1.3355,-23.8137,90.3093,60.9699,82.8357,82.1553,93.3313,
5.4583,1.2788,-22.6295,90.1125,61.3940,82.5482,82.7412,93.1101,
5.4667,1.2245,-21.3549,89.9242,61.9196,82.2612,83.3341,92.8900,
5.4750,1.1743,-19.9904,89.7429,62.5562,81.9725,83.9209,92.6764,
5.4833,1.1290,-18.5412,89.5675,63.3144,81.6794,84.4879,92.4754,
5.4917,1.0886,-17.0164,89.3973,64.2012,81.3799,85.0251,92.2925,
5.5000,1.0522,-15.4261,89.2320,65.2189,81.0725,85.5268,92.1314,
5.5083,1.0186,-13.7792,89.0708,66.3673,80.7569,85.9903,91.9938,
5.5167,0.9860,-12.0833,88.9121,67.6462,80.4340,86.4135,91.8790,
5.5250,0.9532,-10.3433,88.7539,69.0537,80.1052,86.7956,91.7839,
5.5333,0.9192,-8.5618,88.5937,70.5840,79.7726,87.1384,91.7040,
5.5417,0.8842,-6.7420,88.4291,72.2280,79.4383,87.4460,91.6345,
5.5500,0.8492,-4.8907,88.2581,73.9733,79.1044,87.7245,91.5715,
5.5583,0.8158,-3.0193,88.0789,75.8048,78.7733,87.9822,91.5121,
5.5667,0.7847,-1.1410,87.8904,77.7059,78.4475,88.2283,91.4542,
5.5750,0.7558,0.7319,87.6915,79.6585,78.1305,88.4724,91.3960,
5.5833,0.7279,2.5865,87.4814,81.6440,77.8256,88.7228,91.3360,
5.5917,0.6994,4.4090,87.2600,83.6435,77.5362,88.9868,91.2730,
5.6000,0.6693,6.1863,87.0278,85.6391,77.2647,89.2695,91.2054,
5.6083,0.6374,7.9079,86.7861,87.6143,77.0122,89.5731,91.1319,
5.6167,0.6039,9.5675,86.5369,89.5544,76.7780,89.8975,91.0522,
5.6250,0.5688,11.1635,86.2820,91.4449,76.5606,90.2415,90.9664,
5.6333,0.5312,12.6984,86.0235,93.2720,76.3587,90.6045,90.8744,
5.6417,0.4902,14.1740,85.7626,95.0224,76.1710,90.9865,90.7755,
5.6500,0.4446,15.5897,85.5001,96.6837,75.9963,91.3865,90.6695,
5.6583,0.3936,16.9406,85.2360,98.2453,75.8322,91.8019,90.5581,
5.6667,0.3359,18.2183,84.9699,99.6979,75.6750,92.2280,90.4443,
5.6750,0.2708,19.4125,84.7006,101.0346,75.5206,92.6590,90.3328,
5.6833,0.1971,20.5144,84.4270,102.2501,75.3637,93.0886,90.2296,
5.6917,0.1139,21.5187,84.1479,103.3401,75.1978,93.5100,90.1423,
5.7000,0.0204,22.4246,83.8628,104.3027,75.0152,93.9161,90.0800,
5.7083,-0.0848,23.2354,83.5710,105.1390,74.8094,94.3011,90.0502,
5.7167,-0.2028,23.9583,83.2724,105.8548,74.5787,94.6622,90.0551,
5.7250,-0.3353,24.6033,82.9661,106.4613,74.3269,94.9989,90.0908,
5.7333,-0.4838,25.1819,82.6514,106.9741,74.0614,95.3103,90.1506,
5.7417,-0.6504,25.7036,82.3276,107.4117,73.7892,95.5925,90.2295,
5.7500,-0.8372,26.1750,81.9942,107.7912,73.5156,95.8408,90.3243,
5.7583,-1.0462,26.5995,81.6510,108.1259,73.2440,96.0516,90.4329,
5.7667,-1.2784,26.9787,81.2976,108.4246,72.9769,96.2227,90.5530,
5.7750,-1.5335,27.3140,80.9332,108.6916,72.7158,96.3538,90.6827,
5.7833,-1.8108,27.6053,80.5572,108.9267,72.4619,96.4471,90.8201,
5.7917,-2.1095,27.8509,80.1688,109.1251,72.2158,96.5070,90.9633,
5.8000,-2.4298,28.0463,79.7664,109.2808,71.9782,96.5386,91.1111,
5.8083,-2.7716,28.1837,79.3474,109.3885,71.7499,96.5448,91.2626,
5.8167,-3.1348,28.2499,78.9076,109.4450,71.5325,96.5265,91.4176,
5.8250,-3.5191,28.2241,78.4430,109.4501,71.3280,96.4820,91.5760,
5.8333,-3.9234,28.0782,77.9514,109.4068,71.1380,96.4080,91.7379,
5.8417,-4.3463,27.7795,77.4342,109.3202,70.9632,96.3009,91.9036,
5.8500,-4.7865,27.2982,76.8948,109.1973,70.8035,96.1572,92.0732,
5.8583,-5.2433,26.6210,76.3368,109.0464,70.6586,95.9754,92.2465,
5.8667,-5.7163,25.7608,75.7623,108.8767,70.5282,95.7560,92.4231,
5.8750,-6.2066,24.7572,75.1718,108.6953,70.4127,95.5034,92.6018,
5.8833,-6.7169,23.6628,74.5645,108.5053,70.3129,95.2264,92.7810,
5.8917,-7.2526,22.5256,73.9390,108.3049,70.2300,94.9372,92.9575,
5.9000,-7.8228,21.3786,73.2943,108.0881,70.1646,94.6487,93.1275,
5.9083,-8.4379,20.2393,72.6293,107.8459,70.1171,94.3716,93.2864,
5.9167,-9.1076,19.1144,71.9435,107.5667,70.0874,94.1138,93.4300,
5.9250,-9.8412,18.0036,71.2355,107.2392,70.0763,93.8794,93.5562,
5.9333,-10.6478,16.9035,70.5026,106.8566,70.0857,93.6681,93.6649,
5.9417,-11.5357,15.8104,69.7405,106.4186,70.1190,93.4755,93.7579,
5.9500,-12.5128,14.7232,68.9445,105.9331,70.1806,93.2943,93.8383,
5.9583,-13.5852,13.6455,68.1094,105.4138,70.2757,93.1153,93.9100,
5.9667,-14.7569,12.5830,67.2302,104.8775,70.4105,92.9294,93.9771,
5.9750,-16.0310,11.5407,66.3011,104.3402,70.5919,92.7290,94.0432,
5.9833,-17.4112,10.5216,65.3166,103.8133,70.8276,92.5098,94.1115,
5.9917,-18.9008,9.5262,64.2722,103.3016,71.1248,92.2723,94.1836,
6.0000,-20.5030,8.5565,63.1660,102.8027,71.4897,92.0210,94.2603,
6.0083,-22.2231,7.6207,61.9979,102.3085,71.9275,91.7629,94.3415,
6.0167,-24.0713,6.7364,60.7698,101.8084,72.4408,91.5051,94.4268,
6.0250,-26.0614,5.9291,59.4849,101.2924,73.0303,91.2529,94.5155,
6.0333,-28.2087,5.2248,58.1482,100.7530,73.6946,91.0086,94.6070,
6.0417,-30.5274,4.6379,56.7681,100.1865,74.4306,90.7712,94.7006,
6.0500,-33.0267,4.1604,55.3591,99.5937,75.2331,90.5362,94.7954,
6.0583,-35.7077,3.7626,53.9412,98.9796,76.0961,90.2969,94.8903,
6.0667,-38.5614,3.4032,52.5402,98.3532,77.0123,90.0461,94.9837,
6.0750,-41.5698,3.0428,51.1853,97.7249,77.9736,89.7783,95.0737,
6.0833,-44.7067,2.6618,49.9059,97.1063,78.9711,89.4908,95.1585,
6.0917,-47.9297,2.2755,48.7286,96.5086,79.9952,89.1840,95.2371,
6.1000,-51.1557,1.9287,47.6744,95.9417,81.0365,88.8617,95.3091,
6.1083,-54.2397,1.6690,46.7573,95.4098,82.0870,88.5297,95.3747,
6.1167,-56.9791,1.5246,45.9845,94.9109,83.1397,88.1946,95.4339,
6.1250,-59.1577,1.5026,45.3583,94.4399,84.1896,87.8615,95.4859,
6.1333,-60.6086,1.5938,44.8784,93.9920,85.2333,87.5333,95.5299,
6.1417,-61.2700,1.7711,44.5470,93.5624,86.2686,87.2104,95.5651,
6.1500,-61.2049,1.9849,44.3708,93.1444,87.2944,86.8920,95.5909,
6.1583,-60.5706,2.1761,44.3611,92.7298,88.3094,86.5769,95.6072,
6.1667,-59.5498,2.3011,44.5312,92.3113,89.3105,86.2646,95.6142,
6.1750,-58.2841,2.3467,44.8933,91.8858,90.2920,85.9549,95.6120,
6.1833,-56.8448,2.3234,45.4556,91.4541,91.2460,85.6479,95.6009,
6.1917,-55.2458,2.2514,46.2195,91.0191,92.1648,85.3435,95.5816,
6.2000,-53.4752,2.1509,47.1774,90.5839,93.0424,85.0413,95.5551,
6.2083,-51.5189,2.0378,48.3149,90.1515,93.8751,84.7405,95.5235,
6.2167,-49.3710,1.9219,49.6142,89.7246,94.6614,84.4401,95.4890,
6.2250,-47.0345,1.8078,51.0573,89.3056,95.4015,84.1387,95.4534,
6.2333,-44.5188,1.6951,52.6292,88.8968,96.0959,83.8350,95.4184,
6.2417,-41.8377,1.5808,54.3177,88.4995,96.7451,83.5281,95.3852,
6.2500,-39.0081,1.4613,56.1122,88.1141,97.3494,83.2177,95.3545,
6.2583,-36.0508,1.3340,58.0029,87.7405,97.9093,82.9034,95.3265,
6.2667,-32.9915,1.1966,59.9801,87.3777,98.4262,82.5855,95.3009,
6.2750,-29.8582,1.0484,62.0355,87.0244,98.9007,82.2643,95.2774,
6.2833,-26.6771,0.8903,64.1642,86.6792,99.3316,81.9401,95.2557,
6.2917,-23.4670,0.7254,66.3661,86.3410,99.7144,81.6128,95.2349,
6.3000,-20.2378,0.5584,68.6457,86.0092,100.0412,81.2822,95.2135,
6.3083,-16.9930,0.3947,71.0107,85.6825,100.3020,80.9481,95.1896,
6.3167,-13.7372,0.2377,73.4690,85.3590,100.4871,80.6107,95.1611,
6.3250,-10.4861,0.0866,76.0236,85.0366,100.5895,80.2710,95.1268,
6.3333,-7.2739,-0.0640,78.6665,84.7127,100.6078,79.9306,95.0874,
6.3417,-4.1500,-0.2216,81.3756,84.3853,100.5474,79.5910,95.0454,
6.3500,-1.1681,-0.3939,84.1158,84.0526,100.4183,79.2531,95.0044,
6.3583,1.6206,-0.5862,86.8424,83.7127,100.2316,78.9174,94.9688,
6.3667,4.1665,-0.8006,89.5045,83.3636,99.9992,78.5850,94.9424,
6.3750,6.4206,-1.0366,92.0475,83.0029,99.7349,78.2583,94.9265,
6.3833,8.3376,-1.2927,94.4167,82.6280,99.4541,77.9414,94.9196,
6.3917,9.8819,-1.5695,96.5609,82.2364,99.1709,77.6387,94.9200,
6.4000,11.0322,-1.8701,98.4368,81.8259,98.8942,77.3540,94.9270,
6.4083,11.7884,-2.1985,100.0121,81.3949,98.6273,77.0905,94.9421,
6.4167,12.1742,-2.5570,101.2669,80.9419,98.3678,76.8504,94.9664,
6.4250,12.2301,-2.9445,102.1946,80.4655,98.1096,76.6356,95.0005,
6.4333,12.0006,-3.3580,102.8034,79.9655,97.8447,76.4469,95.0431,
6.4417,11.5286,-3.7956,103.1195,79.4424,97.5655,76.2841,95.0922,
6.4500,10.8607,-4.2576,103.1866,78.8980,97.2656,76.1453,95.1468,
6.4583,10.0506,-4.7455,103.0616,78.3344,96.9420,76.0259,95.2072,
6.4667,9.1515,-5.2616,102.8048,77.7549,96.5966,75.9201,95.2744,
6.4750,8.2051,-5.8095,102.4704,77.1630,96.2368,75.8231,95.3471,
6.4833,7.2396,-6.3938,102.0971,76.5634,95.8746,75.7318,95.4207,
6.4917,6.2790,-7.0187,101.7048,75.9612,95.5225,75.6448,95.4882,
6.5000,5.3518,-7.6877,101.2978,75.3625,95.1901,75.5611,95.5426,
6.5083,4.4892,-8.4026,100.8709,74.7742,94.8828,75.4789,95.5786,
6.5167,3.7214,-9.1626,100.4162,74.2031,94.6018,75.3958,95.5931,
6.5250,3.0730,-9.9653,99.9281,73.6540,94.3444,75.3100,95.5866,
6.5333,2.5572,-10.8093,99.4061,73.1270,94.1042,75.2223,95.5614,
6.5417,2.1703,-11.6976,98.8567,72.6144,93.8721,75.1379,95.5219,
6.5500,1.8939,-12.6380,98.2926,72.1040,93.6384,75.0644,95.4727,
6.5583,1.7039,-13.6425,97.7303,71.5825,93.3940,75.0099,95.4183,
6.5667,1.5768,-14.7240,97.1852,71.0395,93.1326,74.9796,95.3625,
6.5750,1.4935,-15.8900,96.6677,70.4699,92.8511,74.9752,95.3079,
6.5833,1.4397,-17.1331,96.1832,69.8736,92.5494,74.9958,95.2553,
6.5917,1.4060,-18.4213,95.7321,69.2554,92.2300,75.0398,95.2041,
6.6000,1.3855,-19.7049,95.3128,68.6218,91.8961,75.1055,95.1522,
6.6083,1.3733,-20.9393,94.9218,67.9776,91.5519,75.1922,95.0973,
6.6167,1.3661,-22.1037,94.5552,67.3249,91.2006,75.2997,95.0368,
6.6250,1.3618,-23.1988,94.2090,66.6637,90.8446,75.4287,94.9690,
6.6333,1.3598,-24.2365,93.8802,65.9951,90.4849,75.5795,94.8926,
6.6417,1.3602,-25.2311,93.5665,65.3215,90.1209,75.7525,94.8072,
6.6500,1.3636,-26.1917,93.2664,64.6462,89.7508,75.9479,94.7131,
6.6583,1.3702,-27.1140,92.9792,63.9748,89.3714,76.1649,94.6128,
6.6667,1.3802,-27.9735,92.7042,63.3176,88.9785,76.4015,94.5103,
6.6750,1.3934,-28.7256,92.4413,62.6907,88.5673,76.6542,94.4124,
6.6833,1.4086,-29.3126,92.1897,62.1145,88.1330,76.9183,94.3268,
6.6917,1.4243,-29.6751,91.9493,61.6110,87.6723,77.1890,94.2611,
6.7000,1.4386,-29.7655,91.7201,61.2005,87.1834,77.4615,94.2217,
6.7083,1.4502,-29.5608,91.5020,60.8993,86.6685,77.7316,94.2121,
6.7167,1.4588,-29.0650,91.2946,60.7171,86.1358,77.9984,94.2307,
6.7250,1.4650,-28.3064,91.0976,60.6559,85.5995,78.2666,94.2678,
6.7333,1.4697,-27.3345,90.9107,60.7099,85.0773,78.5467,94.3065,
6.7417,1.4735,-26.2077,90.7341,60.8677,84.5865,78.8518,94.3275,
6.7500,1.4766,-24.9739,90.5679,61.1168,84.1395,79.1932,94.3151,
6.7583,1.4785,-23.6600,90.4120,61.4468,83.7423,79.5780,94.2597,
6.7667,1.4787,-22.2788,90.2661,61.8505,83.3960,80.0087,94.1582,
6.7750,1.4759,-20.8395,90.1292,62.3245,83.0975,80.4834,94.0128,
6.7833,1.4691,-19.3522,90.0000,62.8706,82.8414,80.9955,93.8298,
6.7917,1.4576,-17.8281,89.8771,63.4968,82.6200,81.5331,93.6182,
6.8000,1.4416,-16.2790,89.7593,64.2164,82.4242,82.0801,93.3886,
6.8083,1.4216,-14.7159,89.6457,65.0443,82.2436,82.6189,93.1516,
6.8167,1.3989,-13.1480,89.5356,65.9904,82.0683,83.1356,92.9176,
6.8250,1.3745,-11.5811,89.4275,67.0564,81.8889,83.6220,92.6967,
6.8333,1.3491,-10.0168,89.3203,68.2380,81.6976,84.0739,92.4978,
6.8417,1.3232,-8.4543,89.2131,69.5292,81.4879,84.4884,92.3282,
6.8500,1.2972,-6.8938,89.1052,70.9213,81.2555,84.8647,92.1924,
6.8583,1.2711,-5.3368,88.9965,72.4022,80.9985,85.2050,92.0912,
6.8667,1.2453,-3.7845,88.8864,73.9560,80.7183,85.5159,92.0214,
6.8750,1.2201,-2.2377,88.7737,75.5644,80.4195,85.8079,91.9757,
6.8833,1.1957,-0.6993,88.6565,77.2101,80.1092,86.0933,91.9445,
6.8917,1.1725,0.8250,88.5322,78.8792,79.7945,86.3839,91.9188,
6.9000,1.1507,2.3289,88.3982,80.5616,79.4817,86.6882,91.8922,
6.9083,1.1308,3.8073,88.2529,82.2479,79.1752,87.0118,91.8608,
6.9167,1.1134,5.2573,88.0957,83.9286,78.8777,87.3576,91.8227,
6.9250,1.0994,6.6781,87.9281,85.5930,78.5898,87.7264,91.7778,
6.9333,1.0893,8.0694,87.7540,87.2315,78.3107,88.1167,91.7268,
6.9417,1.0827,9.4306,87.5790,88.8350,78.0386,88.5254,91.6715,
6.9500,1.0789,10.7588,87.4088,90.3960,77.7720,88.9486,91.6137,
6.9583,1.0769,12.0486,87.2456,91.9084,77.5101,89.3817,91.5554,
6.9667,1.0750,13.2945,87.0877,93.3669,77.2533,89.8212,91.4980,
6.9750,1.0703,14.4932,86.9310,94.7664,77.0024,90.2647,91.4433,
6.9833,1.0592,15.6450,86.7709,96.1016,76.7583,90.7112,91.3930,
6.9917,1.0391,16.7531,86.6034,97.3664,76.5215,91.1618,91.3487,
7.0000,1.0092,17.8203,86.4263,98.5561,76.2920,91.6180,91.3118,
7.0083,0.9696,18.8462,86.2390,99.6689,76.0689,92.0804,91.2837,
7.0167,0.9208,19.8275,86.0414,100.7069,75.8518,92.5478,91.2652,
7.0250,0.8629,20.7614,85.8331,101.6756,75.6407,93.0162,91.2564,
7.0333,0.7961,21.6480,85.6138,102.5832,75.4358,93.4792,91.2575,
7.0417,0.7209,22.4898,85.3839,103.4376,75.2370,93.9300,91.2680,
7.0500,0.6377,23.2896,85.1442,104.2466,75.0439,94.3617,91.2875,
7.0583,0.5469,24.0488,84.8956,105.0169,74.8556,94.7694,91.3155,
7.0667,0.4489,24.7683,84.6393,105.7533,74.6710,95.1501,91.3518,
7.0750,0.3439,25.4494,84.3759,106.4575,74.4891,95.5023,91.3963,
7.0833,0.2316,26.0941,84.1065,107.1278,74.3090,95.8258,91.4485,
7.0917,0.1117,26.7031,83.8318,107.7607,74.1302,96.1218,91.5079,
7.1000,-0.0166,27.2751,83.5520,108.3515,73.9528,96.3929,91.5737,
7.1083,-0.1543,27.8065,83.2668,108.8954,73.7770,96.6426,91.6451,
7.1167,-0.3037,28.2932,82.9758,109.3881,73.6035,96.8742,91.7213,
7.1250,-0.4680,28.7324,82.6780,109.8268,73.4323,97.0902,91.8014,
7.1333,-0.6500,29.1227,82.3727,110.2110,73.2635,97.2922,91.8848,
7.1417,-0.8510,29.4631,82.0590,110.5428,73.0966,97.4803,91.9712,
7.1500,-1.0701,29.7539,81.7359,110.8259,72.9316,97.6532,92.0617,
7.1583,-1.3055,29.9965,81.4027,111.0644,72.7682,97.8084,92.1579,
7.1667,-1.5551,30.1931,81.0587,111.2622,72.6065,97.9432,92.2619,
7.1750,-1.8189,30.3456,80.7030,111.4217,72.4466,98.0547,92.3752,
7.1833,-2.0985,30.4549,80.3339,111.5445,72.2895,98.1406,92.4987,
7.1917,-2.3971,30.5209,79.9498,111.6301,72.1360,98.1998,92.6318,
7.2000,-2.7177,30.5411,79.5504,111.6759,71.9859,98.2319,92.7739,
7.2083,-3.0631,30.5110,79.1366,111.6777,71.8386,98.2374,92.9233,
7.2167,-3.4344,30.4253,78.7096,111.6298,71.6933,98.2169,93.0782,
7.2250,-3.8301,30.2782,78.2700,111.5271,71.5501,98.1697,93.2372,
7.2333,-4.2454,30.0622,77.8160,111.3657,71.4103,98.0935,93.3992,
7.2417,-4.6740,29.7676,77.3447,111.1434,71.2758,97.9851,93.5633,
7.2500,-5.1116,29.3827,76.8534,110.8596,71.1484,97.8418,93.7291,
7.2583,-5.5572,28.8943,76.3408,110.5157,71.0290,97.6624,93.8958,
7.2667,-6.0117,28.2904,75.8061,110.1191,70.9183,97.4465,94.0632,
7.2750,-6.4775,27.5654,75.2495,109.6848,70.8166,97.1931,94.2312,
7.2833,-6.9567,26.7268,74.6721,109.2354,70.7244,96.9009,94.3998,
7.2917,-7.4509,25.7980,74.0764,108.7975,70.6417,96.5697,94.5690,
7.3000,-7.9610,24.8128,73.4655,108.3994,70.5683,96.2026,94.7381,
7.3083,-8.4897,23.8057,72.8417,108.0630,70.5046,95.8082,94.9052,
7.3167,-9.0437,22.7987,72.2057,107.7943,70.4512,95.4018,95.0676,
7.3250,-9.6328,21.7971,71.5562,107.5766,70.4098,95.0042,95.2220,
7.3333,-10.2682,20.7949,70.8899,107.3754,70.3834,94.6362,95.3659,
7.3417,-10.9616,19.7842,70.2023,107.1501,70.3757,94.3140,95.4979,
7.3500,-11.7242,18.7579,69.4885,106.8669,70.3908,94.0461,95.6171,
7.3583,-12.5651,17.7092,68.7436,106.5069,70.4326,93.8331,95.7236,
7.3667,-13.4899,16.6318,67.9638,106.0679,70.5047,93.6680,95.8186,
7.3750,-14.5010,15.5230,67.1474,105.5610,70.6110,93.5385,95.9047,
7.3833,-15.5990,14.3874,66.2939,105.0050,70.7553,93.4296,95.9861,
7.3917,-16.7860,13.2376,65.4018,104.4209,70.9417,93.3260,96.0675,
7.4000,-18.0661,12.0914,64.4683,103.8285,71.1739,93.2143,96.1538,
7.4083,-19.4456,10.9664,63.4884,103.2440,71.4552,93.0842,96.2485,
7.4167,-20.9323,9.8775,62.4569,102.6767,71.7883,92.9295,96.3544,
7.4250,-22.5348,8.8349,61.3695,102.1287,72.1749,92.7486,96.4727,
7.4333,-24.2603,7.8451,60.2247,101.5957,72.6155,92.5439,96.6031,
7.4417,-26.1150,6.9139,59.0267,101.0706,73.1095,92.3196,96.7443,
7.4500,-28.1032,6.0492,57.7846,100.5461,73.6558,92.0808,96.8936,
7.4583,-30.2275,5.2641,56.5123,100.0157,74.2529,91.8319,97.0476,
7.4667,-32.4905,4.5765,55.2257,99.4747,74.8991,91.5757,97.2021,
7.4750,-34.8954,4.0021,53.9414,98.9218,75.5919,91.3132,97.3529,
7.4833,-37.4439,3.5448,52.6741,98.3596,76.3288,91.0436,97.4954,
7.4917,-40.1351,3.1928,51.4381,97.7938,77.1071,90.7658,97.6249,
7.5000,-42.9643,2.9263,50.2482,97.2325,77.9239,90.4787,97.7377,
7.5083,-45.9162,2.7289,49.1202,96.6842,78.7753,90.1820,97.8303,
7.5167,-48.9495,2.5944,48.0689,96.1572,79.6570,89.8771,97.9015,
7.5250,-51.9821,2.5234,47.1077,95.6577,80.5631,89.5670,97.9518,
7.5333,-54.8863,2.5099,46.2471,95.1872,81.4872,89.2551,97.9834,
7.5417,-57.4981,2.5349,45.4935,94.7420,82.4226,88.9440,97.9992,
7.5500,-59.6393,2.5717,44.8484,94.3173,83.3640,88.6353,98.0024,
7.5583,-61.1550,2.5994,44.3105,93.9087,84.3078,88.3290,97.9956,
7.5667,-61.9605,2.6084,43.8795,93.5139,85.2516,88.0252,97.9808,
7.5750,-62.0746,2.5944,43.5582,93.1316,86.1939,87.7235,97.9596,
7.5833,-61.6141,2.5552,43.3529,92.7608,87.1328,87.4241,97.9327,
7.5917,-60.7474,2.4924,43.2721,92.4012,88.0657,87.1270,97.9008,
7.6000,-59.6321,2.4120,43.3238,92.0531,88.9885,86.8324,97.8645,
7.6083,-58.3718,2.3221,43.5142,91.7167,89.8958,86.5406,97.8246,
7.6167,-57.0091,2.2304,43.8461,91.3917,90.7820,86.2520,97.7814,
7.6250,-55.5424,2.1429,44.3186,91.0771,91.6423,85.9671,97.7351,
7.6333,-53.9509,2.0626,44.9274,90.7714,92.4730,85.6865,97.6859,
7.6417,-52.2148,1.9897,45.6650,90.4721,93.2703,85.4111,97.6345,
7.6500,-50.3246,1.9220,46.5218,90.1763,94.0317,85.1424,97.5810,
7.6583,-48.2823,1.8561,47.4881,89.8812,94.7555,84.8811,97.5252,
7.6667,-46.1018,1.7891,48.5563,89.5854,95.4413,84.6276,97.4667,
7.6750,-43.8071,1.7187,49.7207,89.2885,96.0902,84.3809,97.4056,
7.6833,-41.4315,1.6431,50.9764,88.9909,96.7037,84.1392,97.3420,
7.6917,-39.0103,1.5619,52.3191,88.6935,97.2838,83.9004,97.2760,
7.7000,-36.5710,1.4765,53.7440,88.3981,97.8325,83.6616,97.2080,
7.7083,-34.1286,1.3883,55.2466,88.1066,98.3507,83.4200,97.1387,
7.7167,-31.6883,1.2977,56.8231,87.8208,98.8376,83.1727,97.0704,
7.7250,-29.2496,1.2044,58.4713,87.5413,99.2892,82.9181,97.0060,
7.7333,-26.8104,1.1077,60.1916,87.2676,99.6991,82.6551,96.9489,
7.7417,-24.3702,1.0080,61.9861,86.9986,100.0600,82.3847,96.9008,
7.7500,-21.9336,0.9065,63.8573,86.7334,100.3666,82.1093,96.8598,
7.7583,-19.5085,0.8055,65.8065,86.4712,100.6181,81.8340,96.8199,
7.7667,-17.1020,0.7074,67.8321,86.2111,100.8178,81.5648,96.7729,
7.7750,-14.7176,0.6134,69.9290,85.9525,100.9698,81.3074,96.7122,
7.7833,-12.3554,0.5221,72.0890,85.6952,101.0769,81.0650,96.6346,
7.7917,-10.0152,0.4301,74.3016,85.4387,101.1401,80.8391,96.5395,
7.8000,-7.7020,0.3328,76.5542,85.1827,101.1594,80.6298,96.4285,
7.8083,-5.4302,0.2254,78.8309,84.9261,101.1352,80.4353,96.3056,
7.8167,-3.2240,0.1037,81.1112,84.6670,101.0682,80.2521,96.1772,
7.8250,-1.1120,-0.0350,83.3705,84.4031,100.9602,80.0748,96.0521,
7.8333,0.8747,-0.1908,85.5806,84.1310,100.8146,79.8976,95.9397,
7.8417,2.7027,-0.3599,87.7108,83.8460,100.6366,79.7160,95.8481,
7.8500,4.3373,-0.5352,89.7300,83.5417,100.4344,79.5279,95.7821,
7.8583,5.7468,-0.7083,91.6094,83.2111,100.2167,79.3335,95.7432,
7.8667,6.9086,-0.8716,93.3259,82.8505,99.9920,79.1340,95.7293,
7.8750,7.8142,-1.0237,94.8617,82.4647,99.7658,78.9301,95.7364,
7.8833,8.4718,-1.1721,96.2022,82.0657,99.5400,78.7226,95.7593,
7.8917,8.9017,-1.3290,97.3366,81.6656,99.3123,78.5117,95.7933,
7.9000,9.1286,-1.5035,98.2593,81.2705,99.0773,78.2986,95.8344,
7.9083,9.1726,-1.6986,98.9736,80.8799,98.8263,78.0848,95.8798,
7.9167,9.0442,-1.9143,99.4909,80.4892,98.5504,77.8733,95.9273,
7.9250,8.7484,-2.1515,99.8296,80.0947,98.2421,77.6673,95.9752,
7.9333,8.2946,-2.4125,100.0143,79.6950,97.8974,77.4700,96.0213,
7.9417,7.7042,-2.6991,100.0744,79.2907,97.5176,77.2840,96.0632,
7.9500,7.0110,-3.0128,100.0424,78.8830,97.1101,77.1117,96.0970,
7.9583,6.2535,-3.3569,99.9493,78.4738,96.6881,76.9555,96.1176,
7.9667,5.4671,-3.7362,99.8186,78.0646,96.2692,76.8179,96.1185,
7.9750,4.6835,-4.1557,99.6612,77.6572,95.8726,76.7016,96.0925,
7.9833,3.9340,-4.6191,99.4752,77.2526,95.5163,76.6104,96.0315,
7.9917,3.2499,-5.1276,99.2508,76.8500,95.2154,76.5485,95.9270,
8.0000,2.6566,-5.6800,98.9772,76.4463,94.9807,76.5209,95.7709,
8.0083,2.1669,-6.2731,98.6500,76.0358,94.8177,76.5331,95.5556,
8.0167,1.7804,-6.9033,98.2733,75.6122,94.7264,76.5912,95.2748,
8.0250,1.4844,-7.5678,97.8588,75.1705,94.7027,76.7007,94.9241,
8.0333,1.2602,-8.2650,97.4225,74.7073,94.7394,76.8665,94.5000,
8.0417,1.0891,-8.9928,96.9813,74.2199,94.8277,77.0914,94.0019,
8.0500,0.9567,-9.7478,96.5493,73.7061,94.9572,77.3760,93.4326,
8.0583,0.8534,-10.5254,96.1352,73.1640,95.1164,77.7174,92.8003,
8.0667,0.7732,-11.3208,95.7426,72.5933,95.2930,78.1088,92.1175,
8.0750,0.7128,-12.1304,95.3717,71.9952,95.4758,78.5406,91.3988,
8.0833,0.6700,-12.9503,95.0199,71.3730,95.6558,79.0015,90.6592,
8.0917,0.6434,-13.7751,94.6824,70.7320,95.8262,79.4794,89.9131,
8.1000,0.6319,-14.5983,94.3530,70.0795,95.9810,79.9611,89.1745,
8.1083,0.6336,-15.4139,94.0271,69.4250,96.1141,80.4329,88.4576,
8.1167,0.6452,-16.2174,93.7061,68.7795,96.2187,80.8812,87.7753,
8.1250,0.6626,-17.0047,93.3959,68.1541,96.2879,81.2939,87.1390,
8.1333,0.6821,-17.7699,93.1034,67.5581,96.3153,81.6631,86.5579,
8.1417,0.7012,-18.5023,92.8319,66.9983,96.2956,81.9861,86.0392,
8.1500,0.7191,-19.1865,92.5819,66.4809,96.2251,82.2650,85.5874,
8.1583,0.7358,-19.8014,92.3513,66.0123,96.1013,82.5049,85.2048,
8.1667,0.7518,-20.3214,92.1364,65.6004,95.9240,82.7125,84.8917,
8.1750,0.7686,-20.7181,91.9327,65.2551,95.6945,82.8945,84.6467,
8.1833,0.7880,-20.9627,91.7372,64.9849,95.4150,83.0572,84.4669,
8.1917,0.8113,-21.0291,91.5496,64.7967,95.0881,83.2063,84.3488,
8.2000,0.8379,-20.8989,91.3710,64.6933,94.7170,83.3465,84.2883,
8.2083,0.8652,-20.5685,91.2032,64.6736,94.3054,83.4822,84.2813,
8.2167,0.8894,-20.0531,91.0473,64.7321,93.8568,83.6181,84.3233,
8.2250,0.9064,-19.3838,90.9038,64.8604,93.3742,83.7588,84.4100,
8.2333,0.9135,-18.5959,90.7721,65.0505,92.8601,83.9083,84.5371,
8.2417,0.9106,-17.7167,90.6505,65.2973,92.3170,84.0689,84.7004,
8.2500,0.9001,-16.7621,90.5360,65.5996,91.7474,84.2412,84.8962,
8.2583,0.8857,-15.7396,90.4252,65.9599,91.1544,84.4231,85.1212,
8.2667,0.8705,-14.6533,90.3152,66.3865,90.5413,84.6099,85.3727,
8.2750,0.8560,-13.5076,90.2034,66.8910,89.9119,84.7947,85.6478,
8.2833,0.8424,-12.3121,90.0881,67.4847,89.2700,84.9707,85.9440,
8.2917,0.8288,-11.0833,89.9678,68.1755,88.6193,85.1331,86.2586,
8.3000,0.8138,-9.8395,89.8421,68.9662,87.9641,85.2801,86.5886,
8.3083,0.7965,-8.5979,89.7115,69.8557,87.3079,85.4128,86.9309,
8.3167,0.7771,-7.3729,89.5770,70.8387,86.6543,85.5353,87.2818,
8.3250,0.7561,-6.1734,89.4403,71.9081,86.0055,85.6531,87.6374,
8.3333,0.7339,-4.9985,89.3029,73.0553,85.3635,85.7723,87.9936,
8.3417,0.7105,-3.8378,89.1654,74.2705,84.7303,85.8993,88.3463,
8.3500,0.6856,-2.6771,89.0275,75.5428,84.1087,86.0398,88.6914,
8.3583,0.6588,-1.5026,88.8877,76.8618,83.5024,86.1987,89.0247,
8.3667,0.6297,-0.3010,88.7433,78.2184,82.9157,86.3799,89.3424,
8.3750,0.5984,0.9354,88.5926,79.6041,82.3524,86.5866,89.6413,
8.3833,0.5656,2.2040,88.4359,81.0092,81.8152,86.8212,89.9193,
8.3917,0.5326,3.4947,88.2746,82.4225,81.3057,87.0860,90.1758,
8.4000,0.5012,4.7967,88.1108,83.8323,80.8251,87.3821,90.4110,
8.4083,0.4729,6.0999,87.9465,85.2295,80.3745,87.7089,90.6254,
8.4167,0.4486,7.3949,87.7829,86.6099,79.9546,88.0636,90.8191,
8.4250,0.4270,8.6718,87.6206,87.9720,79.5662,88.4429,90.9922,
8.4333,0.4029,9.9226,87.4590,89.3136,79.2093,88.8435,91.1443,
8.4417,0.3702,11.1421,87.2967,90.6299,78.8831,89.2636,91.2751,
8.4500,0.3260,12.3278,87.1325,91.9135,78.5861,89.7020,91.3848,
8.4583,0.2712,13.4774,86.9655,93.1568,78.3160,90.1581,91.4741,
8.4667,0.2090,14.5875,86.7953,94.3537,78.0700,90.6304,91.5442,
8.4750,0.1420,15.6533,86.6222,95.5009,77.8444,91.1164,91.5974,
8.4833,0.0719,16.6713,86.4475,96.5964,77.6348,91.6128,91.6367,
8.4917,-0.0001,17.6418,86.2720,97.6388,77.4366,92.1157,91.6660,
8.5000,-0.0727,18.5688,86.0954,98.6281,77.2461,92.6201,91.6897,
8.5083,-0.1443,19.4585,85.9164,99.5667,77.0609,93.1193,91.7123,
8.5167,-0.2147,20.3172,85.7336,100.4597,76.8798,93.6051,91.7386,
8.5250,-0.2866,21.1505,85.5461,101.3125,76.7019,94.0697,91.7734,
8.5333,-0.3666,21.9626,85.3531,102.1299,76.5257,94.5067,91.8208,
8.5417,-0.4629,22.7558,85.1545,102.9154,76.3491,94.9113,91.8841,
8.5500,-0.5787,23.5276,84.9498,103.6709,76.1701,95.2809,91.9648,
8.5583,-0.7099,24.2694,84.7394,104.3963,75.9874,95.6142,92.0629,
8.5667,-0.8485,24.9698,84.5244,105.0897,75.8008,95.9109,92.1777,
8.5750,-0.9890,25.6201,84.3063,105.7481,75.6108,96.1716,92.3077,
8.5833,-1.1330,26.2156,84.0867,106.3670,75.4186,96.3976,92.4513,
8.5917,-1.2856,26.7528,83.8659,106.9402,75.2254,96.5905,92.6072,
8.6000,-1.4516,27.2269,83.6432,107.4595,75.0327,96.7526,92.7742,
8.6083,-1.6308,27.6314,83.4153,107.9145,74.8422,96.8867,92.9516,
8.6167,-1.8162,27.9591,83.1767,108.2944,74.6551,96.9954,93.1388,
8.6250,-1.9980,28.2028,82.9208,108.5894,74.4729,97.0803,93.3353,
8.6333,-2.1708,28.3553,82.6427,108.7914,74.2968,97.1413,93.5410,
8.6417,-2.3368,28.4104,82.3402,108.8957,74.1280,97.1767,93.7558,
8.6500,-2.5041,28.3635,82.0120,108.9019,73.9679,97.1832,93.9798,
8.6583,-2.6814,28.2113,81.6580,108.8156,73.8180,97.1567,94.2129,
8.6667,-2.8749,27.9510,81.2790,108.6485,73.6796,97.0926,94.4547,
8.6750,-3.0852,27.5829,80.8779,108.4179,73.5529,96.9865,94.7044,
8.6833,-3.3104,27.1117,80.4592,108.1480,73.4383,96.8341,94.9602,
8.6917,-3.5489,26.5448,80.0258,107.8697,73.3368,96.6324,95.2199,
8.7000,-3.8015,25.8900,79.5781,107.6171,73.2509,96.3822,95.4803,
8.7083,-4.0713,25.1544,79.1143,107.4194,73.1837,96.0897,95.7377,
8.7167,-4.3621,24.3444,78.6321,107.2891,73.1378,95.7688,95.9886,
8.7250,-4.6792,23.4647,78.1303,107.2158,73.1148,95.4392,96.2302,
8.7333,-5.0278,22.5235,77.6082,107.1690,73.1154,95.1225,96.4610,
8.7417,-5.4131,21.5402,77.0661,107.1091,73.1395,94.8377,96.6800,
8.7500,-5.8398,20.5424,76.5048,106.9988,73.1864,94.5984,96.8868,
8.7583,-6.3116,19.5541,75.9252,106.8132,73.2544,94.4101,97.0809,
8.7667,-6.8313,18.5896,75.3292,106.5438,73.3415,94.2706,97.2615,
8.7750,-7.4010,17.6566,74.7188,106.1975,73.4452,94.1708,97.4280,
8.7833,-8.0237,16.7602,74.0945,105.7908,73.5642,94.0977,97.5802,
8.7917,-8.7038,15.9028,73.4548,105.3456,73.6982,94.0377,97.7197,
8.8000,-9.4469,15.0845,72.7968,104.8831,73.8487,93.9785,97.8501,
8.8083,-10.2578,14.3013,72.1175,104.4214,74.0175,93.9109,97.9762,
8.8167,-11.1406,13.5472,71.4151,103.9730,74.2071,93.8286,98.1030,
8.8250,-12.0980,12.8147,70.6886,103.5451,74.4196,93.7285,98.2354,
8.8333,-13.1304,12.0962,69.9388,103.1395,74.6566,93.6106,98.3770,
8.8417,-14.2352,11.3855,69.1678,102.7523,74.9192,93.4780,98.5298,
8.8500,-15.4064,10.6788,68.3782,102.3762,75.2082,93.3356,98.6941,
8.8583,-16.6370,9.9748,67.5728,102.0023,75.5243,93.1894,98.8686,
8.8667,-17.9217,9.2740,66.7539,101.6231,75.8678,93.0450,99.0504,
8.8750,-19.2570,8.5776,65.9223,101.2348,76.2388,92.9060,99.2361,
8.8833,-20.6401,7.8891,65.0774,100.8373,76.6377,92.7742,99.4222,
8.8917,-22.0680,7.2135,64.2167,100.4338,77.0653,92.6492,99.6055,
8.9000,-23.5382,6.5549,63.3372,100.0300,77.5235,92.5300,99.7831,
8.9083,-25.0497,5.9157,62.4356,99.6326,78.0140,92.4146,99.9529,
8.9167,-26.6029,5.2970,61.5100,99.2465,78.5391,92.3016,100.1127,
8.9250,-28.2001,4.7013,60.5616,98.8736,79.0999,92.1900,100.2607,
8.9333,-29.8446,4.1349,59.5954,98.5126,79.6963,92.0791,100.3957,
8.9417,-31.5408,3.6081,58.6197,98.1601,80.3262,91.9686,100.5171,
8.9500,-33.2926,3.1345,57.6453,97.8132,80.9861,91.8578,100.6246,
8.9583,-35.1040,2.7278,56.6843,97.4705,81.6716,91.7460,100.7176,
8.9667,-36.9816,2.3977,55.7502,97.1318,82.3783,91.6317,100.7955,
8.9750,-38.9322,2.1479,54.8574,96.7991,83.1020,91.5128,100.8586,
8.9833,-40.9560,1.9746,54.0199,96.4745,83.8384,91.3863,100.9077,
8.9917,-43.0340,1.8656,53.2512,96.1609,84.5829,91.2492,100.9436,
9.0000,-45.1152,1.8042,52.5632,95.8610,85.3302,91.0988,100.9670,
9.0083,-47.1081,1.7729,51.9664,95.5776,86.0742,90.9334,100.9801,
9.0167,-48.8866,1.7568,51.4690,95.3121,86.8089,90.7535,100.9845,
9.0250,-50.3109,1.7448,51.0755,95.0642,87.5289,90.5610,100.9822,
9.0333,-51.2556,1.7296,50.7872,94.8325,88.2305,90.3592,100.9749,
9.0417,-51.6374,1.7087,50.6026,94.6143,88.9116,90.1519,100.9642,
9.0500,-51.4373,1.6816,50.5197,94.4060,89.5716,89.9433,100.9504,
9.0583,-50.7058,1.6481,50.5387,94.2037,90.2103,89.7371,100.9335,
9.0667,-49.5515,1.6068,50.6628,94.0036,90.8275,89.5366,100.9136,
9.0750,-48.1129,1.5565,50.8973,93.8026,91.4222,89.3440,100.8918,
9.0833,-46.5218,1.4961,51.2472,93.5990,91.9922,89.1606,100.8697,
9.0917,-44.8732,1.4250,51.7170,93.3923,92.5337,88.9864,100.8481,
9.1000,-43.2119,1.3427,52.3097,93.1832,93.0417,88.8200,100.8277,
9.1083,-41.5422,1.2505,53.0245,92.9724,93.5111,88.6594,100.8089,
9.1167,-39.8461,1.1514,53.8543,92.7603,93.9381,88.5021,100.7933,
9.1250,-38.1021,1.0485,54.7858,92.5474,94.3211,88.3451,100.7836,
9.1333,-36.2967,0.9452,55.8026,92.3338,94.6611,88.1854,100.7818,
9.1417,-34.4290,0.8439,56.8904,92.1208,94.9605,88.0210,100.7883,
9.1500,-32.5082,0.7472,58.0400,91.9097,95.2242,87.8512,100.8005,
9.1583,-30.5476,0.6571,59.2480,91.7022,95.4567,87.6773,100.8142,
9.1667,-28.5581,0.5748,60.5145,91.4996,95.6604,87.5000,100.8261,
9.1750,-26.5462,0.5007,61.8401,91.3026,95.8361,87.3200,100.8351,
9.1833,-24.5188,0.4346,63.2237,91.1116,95.9833,87.1378,100.8408,
9.1917,-22.4889,0.3757,64.6618,90.9265,96.1015,86.9546,100.8426,
9.2000,-20.4770,0.3228,66.1499,90.7470,96.1900,86.7727,100.8390,
9.2083,-18.5072,0.2742,67.6859,90.5721,96.2469,86.5951,100.8278,
9.2167,-16.6009,0.2274,69.2711,90.4004,96.2688,86.4254,100.8064,
9.2250,-14.7729,0.1799,70.9099,90.2304,96.2513,86.2665,100.7732,
9.2333,-13.0324,0.1303,72.6061,90.0605,96.1900,86.1203,100.7280,
9.2417,-11.3805,0.0785,74.3589,89.8891,96.0836,85.9874,100.6721,
9.2500,-9.8100,0.0250,76.1608,89.7151,95.9341,85.8663,100.6084,
9.2583,-8.3122,-0.0293,77.9961,89.5373,95.7471,85.7549,100.5405,
9.2667,-6.8948,-0.0839,79.8435,89.3546,95.5294,85.6501,100.4730,
9.2750,-5.5856,-0.1383,81.6783,89.1666,95.2871,85.5481,100.4106,
9.2833,-4.4190,-0.1916,83.4756,88.9734,95.0254,85.4441,100.3591,
9.2917,-3.4243,-0.2428,85.2105,88.7764,94.7491,85.3331,100.3228,
9.3000,-2.6230,-0.2914,86.8604,88.5777,94.4638,85.2112,100.3039,
9.3083,-2.0298,-0.3375,88.4067,88.3797,94.1747,85.0767,100.3021,
9.3167,-1.6536,-0.3818,89.8358,88.1841,93.8875,84.9297,100.3142,
9.3250,-1.4959,-0.4256,91.1396,87.9925,93.6072,84.7719,100.3358,
9.3333,-1.5482,-0.4695,92.3169,87.8060,93.3375,84.6054,100.3619,
9.3417,-1.7865,-0.5143,93.3697,87.6257,93.0810,84.4329,100.3882,
9.3500,-2.1694,-0.5601,94.2917,87.4518,92.8384,84.2570,100.4108,
9.3583,-2.6445,-0.6078,95.0584,87.2844,92.6095,84.0801,100.4265,
9.3667,-3.1542,-0.6582,95.6376,87.1231,92.3920,83.9044,100.4329,
9.3750,-3.6344,-0.7121,96.0106,86.9677,92.1799,83.7314,100.4281,
9.3833,-4.0125,-0.7713,96.1822,86.8175,91.9649,83.5625,100.4107,
9.3917,-4.2243,-0.8373,96.1794,86.6721,91.7390,83.3985,100.3797,
9.4000,-4.2437,-0.9113,96.0457,86.5303,91.4969,83.2405,100.3343,
9.4083,-4.1015,-0.9944,95.8335,86.3911,91.2367,83.0897,100.2735,
9.4167,-3.8729,-1.0885,95.5954,86.2528,90.9593,82.9474,100.1961,
9.4250,-3.6362,-1.1961,95.3745,86.1145,90.6674,82.8144,100.1013,
9.4333,-3.4386,-1.3184,95.1952,85.9755,90.3649,82.6906,99.9895,
9.4417,-3.2924,-1.4542,95.0635,85.8363,90.0564,82.5752,99.8616,
9.4500,-3.1902,-1.6009,94.9713,85.6980,89.7480,82.4665,99.7195,
9.4583,-3.1223,-1.7547,94.9045,85.5611,89.4469,82.3621,99.5660,
9.4667,-3.0811,-1.9111,94.8485,85.4253,89.1587,82.2602,99.4038,
9.4750,-3.0574,-2.0652,94.7913,85.2889,88.8864,82.1596,99.2369,
9.4833,-3.0386,-2.2137,94.7238,85.1498,88.6286,82.0594,99.0696,
9.4917,-3.0129,-2.3556,94.6410,85.0070,88.3815,81.9584,98.9064,
9.5000,-2.9728,-2.4918,94.5416,84.8612,88.1398,81.8548,98.7519,
9.5083,-2.9168,-2.6240,94.4273,84.7144,87.8985,81.7464,98.6096,
9.5167,-2.8481,-2.7532,94.3020,84.5692,87.6539,81.6318,98.4813,
9.5250,-2.7714,-2.8798,94.1702,84.4276,87.4037,81.5104,98.3670,
9.5333,-2.6896,-3.0038,94.0360,84.2909,87.1463,81.3813,98.2664,
9.5417,-2.6037,-3.1259,93.9023,84.1602,86.8800,81.2430,98.1801,
9.5500,-2.5138,-3.2471,93.7707,84.0361,86.6040,81.0937,98.1088,
9.5583,-2.4203,-3.3687,93.6424,83.9194,86.3200,80.9343,98.0500,
9.5667,-2.3254,-3.4918,93.5191,83.8104,86.0332,80.7696,97.9965,
9.5750,-2.2326,-3.6183,93.4029,83.7091,85.7508,80.6064,97.9385,
9.5833,-2.1463,-3.7495,93.2965,83.6145,85.4788,80.4515,97.8673,
9.5917,-2.0709,-3.8869,93.2030,83.5251,85.2203,80.3093,97.7775,
9.6000,-2.0088,-4.0314,93.1263,83.4397,84.9741,80.1820,97.6684,
9.6083,-1.9598,-4.1842,93.0702,83.3580,84.7347,80.0689,97.5435,
9.6167,-1.9214,-4.3467,93.0362,83.2802,84.4948,79.9669,97.4101,
9.6250,-1.8902,-4.5192,93.0196,83.2061,84.2510,79.8726,97.2755,
9.6333,-1.8629,-4.6984,93.0089,83.1356,84.0063,79.7831,97.1444,
9.6417,-1.8380,-4.8779,92.9925,83.0680,83.7662,79.6965,97.0192,
9.6500,-1.8152,-5.0530,92.9630,83.0025,83.5342,79.6113,96.9010,
9.6583,-1.7950,-5.2239,92.9187,82.9380,83.3107,79.5275,96.7903,
9.6667,-1.7768,-5.3929,92.8609,82.8722,83.0944,79.4454,96.6871,
9.6750,-1.7594,-5.5608,92.7921,82.8029,82.8841,79.3658,96.5909,
9.6833,-1.7421,-5.7257,92.7140,82.7276,82.6790,79.2895,96.5013,
9.6917,-1.7247,-5.8836,92.6282,82.6457,82.4794,79.2171,96.4172,
9.7000,-1.7073,-6.0287,92.5356,82.5594,82.2858,79.1484,96.3374,
9.7083,-1.6900,-6.1552,92.4375,82.4757,82.0985,79.0828,96.2604,
9.7167,-1.6728,-6.2607,92.3347,82.4031,81.9177,79.0197,96.1838,
9.7250,-1.6547,-6.3478,92.2286,82.3491,81.7433,78.9601,96.1055,
9.7333,-1.6343,-6.4203,92.1198,82.3172,81.5749,78.9054,96.0232,
9.7417,-1.6109,-6.4799,92.0084,82.3081,81.4123,78.8575,95.9355,
9.7500,-1.5852,-6.5235,91.8940,82.3192,81.2555,78.8181,95.8422,
9.7583,-1.5591,-6.5445,91.7760,82.3475,81.1046,78.7886,95.7431,
9.7667,-1.5338,-6.5361,91.6538,82.3900,80.9600,78.7699,95.6389,
9.7750,-1.5088,-6.4975,91.5270,82.4442,80.8217,78.7624,95.5298,
9.7833,-1.4824,-6.4389,91.3953,82.5053,80.6895,78.7670,95.4165,
9.7917,-1.4520,-6.3822,91.2586,82.5669,80.5630,78.7844,95.2991,
9.8000,-1.4158,-6.3496,91.1159,82.6244,80.4419,78.8147,95.1777,
9.8083,-1.3727,-6.3531,90.9653,82.6770,80.3258,78.8567,95.0525,
9.8167,-1.3203,-6.3933,90.8037,82.7270,80.2142,78.9091,94.9235,
9.8250,-1.2550,-6.4654,90.6275,82.7779,80.1059,78.9701,94.7907,
9.8333,-1.1740,-6.5634,90.4337,82.8337,80.0003,79.0378,94.6534,
9.8417,-1.0794,-6.6816,90.2215,82.8966,79.8978,79.1104,94.5106,
9.8500,-0.9787,-6.8126,89.9938,82.9649,79.7996,79.1871,94.3615,
9.8583,-0.8834,-6.9470,89.7568,83.0321,79.7074,79.2686,94.2055,
9.8667,-0.8025,-7.0736,89.5155,83.0893,79.6227,79.3561,94.0435,
9.8750,-0.7394,-7.1818,89.2701,83.1299,79.5463,79.4493,93.8769,
9.8833,-0.6920,-7.2670,89.0169,83.1530,79.4785,79.5458,93.7085,
9.8917,-0.6572,-7.3325,88.7540,83.1654,79.4188,79.6411,93.5415,
9.9000,-0.6357,-7.3894,88.4884,83.1777,79.3656,79.7304,93.3796,
9.9083,-0.6317,-7.4497,88.2368,83.2000,79.3156,79.8095,93.2259,
9.9167,-0.6487,-7.5162,88.0129,83.2369,79.2651,79.8768,93.0834,
9.9250,-0.6835,-7.5779,87.8143,83.2900,79.2112,79.9325,92.9538,
9.9333,-0.7287,-7.6134,87.6293,83.3594,79.1521,79.9782,92.8376,
9.9417,-0.7773,-7.5984,87.4511,83.4447,79.0859,80.0169,92.7335,
9.9500,-0.8247,-7.5195,87.2803,83.5437,79.0107,80.0529,92.6383,
9.9583,-0.8686,-7.3835,87.1207,83.6525,78.9262,80.0916,92.5478,
9.9667,-0.9091,-7.2123,86.9749,83.7660,78.8352,80.1383,92.4569,
9.9750,-0.9480,-7.0267,86.8428,83.8808,78.7437,80.1982,92.3604,
9.9833,-0.9879,-6.8364,86.7209,83.9969,78.6608,80.2749,92.2527,
9.9917,-1.0309,-6.6411,86.6024,84.1171,78.5973,80.3702,92.1297,
10.0000,-1.0786,-6.4345,86.4803,84.2449,78.5636,80.4843,91.9885,
10.0083,-1.1320,-6.2072,86.3511,84.3827,78.5656,80.6158,91.8292,
10.0167,-1.1911,-5.9509,86.2163,84.5304,78.6028,80.7606,91.6548,
10.0250,-1.2542,-5.6599,86.0801,84.6852,78.6695,80.9124,91.4721,
10.0333,-1.3185,-5.3337,85.9483,84.8411,78.7552,81.0624,91.2913,
